rating_key,title,parent_title,grandparent_title,full_title,parent_media_index,media_index,media_type,studio,started,stopped,seconds,start_time,end_time,,,,,,,,,,,,



25627,Witchbottle,Season 1,Castlevania,Castlevania - Witchbottle,1,1,episode,Netflix,1621044227,1621045869,1642,5/14/21 10:03 PM,5/14/21 10:31 PM,,,,,,,,,,,,
23188,"Calves, Pulmonary Embolism, and Quick Thinking",Season 1,Cells at Work! Code Black,"Cells at Work! Code Black - Calves, Pulmonary Embolism, and Quick Thinking",1,8,episode,Tokyo MX,1613796084,1613796198,114,2/20/21 12:41 AM,2/20/21 12:43 AM,,,,,,,,,,,,
801,Vincent and the Doctor,Season 5,Doctor Who (2005),Doctor Who (2005) - Vincent and the Doctor,5,10,episode,BBC One,1540348625,1540351736,3111,10/23/18 10:37 PM,10/23/18 11:28 PM,,,,,,,,,,,,
803,The Pandorica Opens (1),Season 5,Doctor Who (2005),Doctor Who (2005) - The Pandorica Opens (1),5,12,episode,BBC One,1540352757,1540355671,2914,10/23/18 11:45 PM,10/24/18 12:34 AM,,,,,,,,,,,,
804,The Big Bang (2),Season 5,Doctor Who (2005),Doctor Who (2005) - The Big Bang (2),5,13,episode,BBC One,1540355675,1540358561,2886,10/24/18 12:34 AM,10/24/18 1:22 AM,,,,,,,,,,,,
768,A Good Man Goes to War (1),Season 6,Doctor Who (2005),Doctor Who (2005) - A Good Man Goes to War (1),6,7,episode,BBC Wales,1634855712,1634857169,1457,10/21/21 6:35 PM,10/21/21 6:59 PM,,,,,,,,,,,,
769,Let's Kill Hitler (2),Season 6,Doctor Who (2005),Doctor Who (2005) - Let's Kill Hitler (2),6,8,episode,BBC Wales,1634858762,1634861235,2473,10/21/21 7:26 PM,10/21/21 8:07 PM,,,,,,,,,,,,
774,The Wedding of River Song,Season 6,Doctor Who (2005),Doctor Who (2005) - The Wedding of River Song,6,13,episode,BBC One,1599500509,1599502568,2059,9/7/20 1:41 PM,9/7/20 2:16 PM,,,,,,,,,,,,
752,The Angels Take Manhattan,Season 7,Doctor Who (2005),Doctor Who (2005) - The Angels Take Manhattan,7,5,episode,BBC One,1539146763,1539148984,2221,10/10/18 12:46 AM,10/10/18 1:23 AM,,,,,,,,,,,,
723,The Witch's Familiar (2),Season 9,Doctor Who (2005),Doctor Who (2005) - The Witch's Familiar (2),9,2,episode,BBC One,1539057536,1539060062,2526,10/8/18 11:58 PM,10/9/18 12:41 AM,,,,,,,,,,,,
731,Face The Raven,Season 9,Doctor Who (2005),Doctor Who (2005) - Face The Raven,9,10,episode,BBC One,1539060068,1539060502,434,10/9/18 12:41 AM,10/9/18 12:48 AM,,,,,,,,,,,,
732,Heaven Sent (1),Season 9,Doctor Who (2005),Doctor Who (2005) - Heaven Sent (1),9,11,episode,BBC One,1539061932,1539064050,2118,10/9/18 1:12 AM,10/9/18 1:47 AM,,,,,,,,,,,,
733,Hell Bent (2),Season 9,Doctor Who (2005),Doctor Who (2005) - Hell Bent (2),9,12,episode,BBC One,1539064076,1539067893,3817,10/9/18 1:47 AM,10/9/18 2:51 AM,,,,,,,,,,,,
848,The Woman Who Fell to Earth,Season 11,Doctor Who (2005),Doctor Who (2005) - The Woman Who Fell to Earth,11,1,episode,BBC One,1539051917,1539055341,3424,10/8/18 10:25 PM,10/8/18 11:22 PM,,,,,,,,,,,,
849,The Ghost Monument,Season 11,Doctor Who (2005),Doctor Who (2005) - The Ghost Monument,11,2,episode,BBC One,1539880092,1539881873,1781,10/18/18 12:28 PM,10/18/18 12:57 PM,,,,,,,,,,,,
850,Rosa,Season 11,Doctor Who (2005),Doctor Who (2005) - Rosa,11,3,episode,BBC One,1540488852,1540492051,3199,10/25/18 1:34 PM,10/25/18 2:27 PM,,,,,,,,,,,,
851,Arachnids in the UK,Season 11,Doctor Who (2005),Doctor Who (2005) - Arachnids in the UK,11,4,episode,BBC One,1540955371,1540955788,417,10/30/18 11:09 PM,10/30/18 11:16 PM,,,,,,,,,,,,
852,The Tsuranga Conundrum,Season 11,Doctor Who (2005),Doctor Who (2005) - The Tsuranga Conundrum,11,5,episode,BBC One,1542310262,1542311977,1715,11/15/18 3:31 PM,11/15/18 3:59 PM,,,,,,,,,,,,
853,Demons of the Punjab,Season 11,Doctor Who (2005),Doctor Who (2005) - Demons of the Punjab,11,6,episode,BBC One,1542310176,1542310250,74,11/15/18 3:29 PM,11/15/18 3:30 PM,,,,,,,,,,,,



6528,The Kingsroad,Season 1,Game of Thrones,Game of Thrones - The Kingsroad,1,2,episode,HBO,1553481596,1553481765,169,3/24/19 10:39 PM,3/24/19 10:42 PM,,,,,,,,,,,,
6531,The Wolf and the Lion,Season 1,Game of Thrones,Game of Thrones - The Wolf and the Lion,1,5,episode,HBO,1553512276,1553513136,860,3/25/19 7:11 AM,3/25/19 7:25 AM,,,,,,,,,,,,
6535,Baelor,Season 1,Game of Thrones,Game of Thrones - Baelor,1,9,episode,HBO,1553514507,1553514786,279,3/25/19 7:48 AM,3/25/19 7:53 AM,,,,,,,,,,,,
6536,Fire and Blood,Season 1,Game of Thrones,Game of Thrones - Fire and Blood,1,10,episode,HBO,1553514834,1553515290,456,3/25/19 7:53 AM,3/25/19 8:01 AM,,,,,,,,,,,,
6519,Garden of Bones,Season 2,Game of Thrones,Game of Thrones - Garden of Bones,2,4,episode,HBO,1553994715,1553997513,2798,3/30/19 9:11 PM,3/30/19 9:58 PM,,,,,,,,,,,,
6520,The Ghost of Harrenhal,Season 2,Game of Thrones,Game of Thrones - The Ghost of Harrenhal,2,5,episode,HBO,1553997516,1553999799,2283,3/30/19 9:58 PM,3/30/19 10:36 PM,,,,,,,,,,,,
6521,The Old Gods and the New,Season 2,Game of Thrones,Game of Thrones - The Old Gods and the New,2,6,episode,HBO,1553999801,1554002326,2525,3/30/19 10:36 PM,3/30/19 11:18 PM,,,,,,,,,,,,
6522,A Man Without Honor,Season 2,Game of Thrones,Game of Thrones - A Man Without Honor,2,7,episode,HBO,1554002328,1554004944,2616,3/30/19 11:18 PM,3/31/19 12:02 AM,,,,,,,,,,,,
6523,The Prince of Winterfell,Season 2,Game of Thrones,Game of Thrones - The Prince of Winterfell,2,8,episode,HBO,1554005011,1554007245,2234,3/31/19 12:03 AM,3/31/19 12:40 AM,,,,,,,,,,,,
6524,Blackwater,Season 2,Game of Thrones,Game of Thrones - Blackwater,2,9,episode,HBO,1554007250,1554010469,3219,3/31/19 12:40 AM,3/31/19 1:34 AM,,,,,,,,,,,,
6525,Valar Morghulis,Season 2,Game of Thrones,Game of Thrones - Valar Morghulis,2,10,episode,HBO,1554010476,1554013597,3121,3/31/19 1:34 AM,3/31/19 2:26 AM,,,,,,,,,,,,
6505,Valar Dohaeris,Season 3,Game of Thrones,Game of Thrones - Valar Dohaeris,3,1,episode,HBO,1554400499,1554401541,1042,4/4/19 1:54 PM,4/4/19 2:12 PM,,,,,,,,,,,,
6506,"Dark Wings, Dark Words",Season 3,Game of Thrones,"Game of Thrones - Dark Wings, Dark Words",3,2,episode,HBO,1554410343,1554412150,1807,4/4/19 4:39 PM,4/4/19 5:09 PM,,,,,,,,,,,,
6507,Walk of Punishment,Season 3,Game of Thrones,Game of Thrones - Walk of Punishment,3,3,episode,HBO,1554412908,1554413751,843,4/4/19 5:21 PM,4/4/19 5:35 PM,,,,,,,,,,,,
6508,And Now His Watch Is Ended,Season 3,Game of Thrones,Game of Thrones - And Now His Watch Is Ended,3,4,episode,HBO,1554432601,1554435924,3323,4/4/19 10:50 PM,4/4/19 11:45 PM,,,,,,,,,,,,
6509,Kissed by Fire,Season 3,Game of Thrones,Game of Thrones - Kissed by Fire,3,5,episode,HBO,1554772678,1554775658,2980,4/8/19 9:17 PM,4/8/19 10:07 PM,,,,,,,,,,,,
6510,The Climb,Season 3,Game of Thrones,Game of Thrones - The Climb,3,6,episode,HBO,1554775664,1554779225,3561,4/8/19 10:07 PM,4/8/19 11:07 PM,,,,,,,,,,,,
6511,The Bear and the Maiden Fair,Season 3,Game of Thrones,Game of Thrones - The Bear and the Maiden Fair,3,7,episode,HBO,1554779225,1554782493,3268,4/8/19 11:07 PM,4/9/19 12:01 AM,,,,,,,,,,,,
6512,Second Sons,Season 3,Game of Thrones,Game of Thrones - Second Sons,3,8,episode,HBO,1554922724,1554925383,2659,4/10/19 2:58 PM,4/10/19 3:43 PM,,,,,,,,,,,,
6513,The Rains of Castamere,Season 3,Game of Thrones,Game of Thrones - The Rains of Castamere,3,9,episode,HBO,1554925389,1554927636,2247,4/10/19 3:43 PM,4/10/19 4:20 PM,,,,,,,,,,,,
6514,Mhysa,Season 3,Game of Thrones,Game of Thrones - Mhysa,3,10,episode,HBO,1554928050,1554931631,3581,4/10/19 4:27 PM,4/10/19 5:27 PM,,,,,,,,,,,,
6503,The Children,Season 4,Game of Thrones,Game of Thrones - The Children,4,10,episode,HBO,1556169061,1556172686,3625,4/25/19 1:11 AM,4/25/19 2:11 AM,,,,,,,,,,,,
6483,The Wars to Come,Season 5,Game of Thrones,Game of Thrones - The Wars to Come,5,1,episode,HBO,1556205556,1556205952,396,4/25/19 11:19 AM,4/25/19 11:25 AM,,,,,,,,,,,,
6484,The House of Black and White,Season 5,Game of Thrones,Game of Thrones - The House of Black and White,5,2,episode,HBO,1556746659,1556753151,6492,5/1/19 5:37 PM,5/1/19 7:25 PM,,,,,,,,,,,,
6485,High Sparrow,Season 5,Game of Thrones,Game of Thrones - High Sparrow,5,3,episode,HBO,1556753172,1556753525,353,5/1/19 7:26 PM,5/1/19 7:32 PM,,,,,,,,,,,,
6481,The Winds of Winter,Season 6,Game of Thrones,Game of Thrones - The Winds of Winter,6,10,episode,HBO,1555452651,1555454385,1734,4/16/19 6:10 PM,4/16/19 6:39 PM,,,,,,,,,,,,
6464,Dragonstone,Season 7,Game of Thrones,Game of Thrones - Dragonstone,7,1,episode,HBO,1537586180,1537586657,477,9/21/18 11:16 PM,9/21/18 11:24 PM,,,,,,,,,,,,
6466,The Queen's Justice,Season 7,Game of Thrones,Game of Thrones - The Queen's Justice,7,3,episode,HBO,1536392517,1536392934,417,9/8/18 3:41 AM,9/8/18 3:48 AM,,,,,,,,,,,,
6468,Eastwatch,Season 7,Game of Thrones,Game of Thrones - Eastwatch,7,5,episode,HBO,1536392974,1536396619,3645,9/8/18 3:49 AM,9/8/18 4:50 AM,,,,,,,,,,,,
6457,Winterfell,Season 8,Game of Thrones,Game of Thrones - Winterfell,8,1,episode,HBO,1555298915,1555299270,355,4/14/19 11:28 PM,4/14/19 11:34 PM,,,,,,,,,,,,
6458,A Knight of the Seven Kingdoms,Season 8,Game of Thrones,Game of Thrones - A Knight of the Seven Kingdoms,8,2,episode,HBO,1555898636,1555900213,1577,4/21/19 10:03 PM,4/21/19 10:30 PM,,,,,,,,,,,,
6459,The Long Night,Season 8,Game of Thrones,Game of Thrones - The Long Night,8,3,episode,HBO,1556603255,1556608911,5656,4/30/19 1:47 AM,4/30/19 3:21 AM,,,,,,,,,,,,
6460,The Last of the Starks,Season 8,Game of Thrones,Game of Thrones - The Last of the Starks,8,4,episode,HBO,1557110816,1557115485,4669,5/5/19 10:46 PM,5/6/19 12:04 AM,,,,,,,,,,,,
6461,The Bells,Season 8,Game of Thrones,Game of Thrones - The Bells,8,5,episode,HBO,1557718797,1557724315,5518,5/12/19 11:39 PM,5/13/19 1:11 AM,,,,,,,,,,,,
6462,The Iron Throne,Season 8,Game of Thrones,Game of Thrones - The Iron Throne,8,6,episode,HBO,1558324548,1558324921,373,5/19/19 11:55 PM,5/20/19 12:02 AM,,,,,,,,,,,,


40626,"Whisper, Chant, Prayer, Awaken",Season 1,Grimgar of Fantasy and Ash,"Grimgar of Fantasy and Ash - Whisper, Chant, Prayer, Awaken",1,1,episode,Toho,1643248181,1643249637,1456,1/26/22 9:49 PM,1/26/22 10:13 PM,,,,,,,,,,,,
40627,Long Day of the Trainee Volunteer Soldier,Season 1,Grimgar of Fantasy and Ash,Grimgar of Fantasy and Ash - Long Day of the Trainee Volunteer Soldier,1,2,episode,Toho,1643249642,1643251703,2061,1/26/22 10:14 PM,1/26/22 10:48 PM,,,,,,,,,,,,
40628,Are Goblin Pouches Filled with Our Dreams?,Season 1,Grimgar of Fantasy and Ash,Grimgar of Fantasy and Ash - Are Goblin Pouches Filled with Our Dreams?,1,3,episode,Toho,1643251708,1643253057,1349,1/26/22 10:48 PM,1/26/22 11:10 PM,,,,,,,,,,,,
40629,Sky Dancing with Ash,Season 1,Grimgar of Fantasy and Ash,Grimgar of Fantasy and Ash - Sky Dancing with Ash,1,4,episode,Toho,1643253060,1643254811,1751,1/26/22 11:11 PM,1/26/22 11:40 PM,,,,,,,,,,,,
40630,Crying Doesn't Mean You're Weak. Enduring Doesn't Mean You're Strong.,Season 1,Grimgar of Fantasy and Ash,Grimgar of Fantasy and Ash - Crying Doesn't Mean You're Weak. Enduring Doesn't Mean You're Strong.,1,5,episode,Toho,1643853947,1643855617,1670,2/2/22 10:05 PM,2/2/22 10:33 PM,,,,,,,,,,,,
40631,Her Circumstances,Season 1,Grimgar of Fantasy and Ash,Grimgar of Fantasy and Ash - Her Circumstances,1,6,episode,Toho,1643855627,1643857096,1469,2/2/22 10:33 PM,2/2/22 10:58 PM,,,,,,,,,,,,
40632,They Were Called Goblin Slayers,Season 1,Grimgar of Fantasy and Ash,Grimgar of Fantasy and Ash - They Were Called Goblin Slayers,1,7,episode,Toho,1643857099,1643858814,1715,2/2/22 10:58 PM,2/2/22 11:26 PM,,,,,,,,,,,,
40633,In My Memories with You,Season 1,Grimgar of Fantasy and Ash,Grimgar of Fantasy and Ash - In My Memories with You,1,8,episode,Toho,1643859317,1643860711,1394,2/2/22 11:35 PM,2/2/22 11:58 PM,,,,,,,,,,,,
40634,How to Rest,Season 1,Grimgar of Fantasy and Ash,Grimgar of Fantasy and Ash - How to Rest,1,9,episode,Toho,1644457814,1644459065,1251,2/9/22 9:50 PM,2/9/22 10:11 PM,,,,,,,,,,,,
40635,I'm Not Fit to Be a Leader,Season 1,Grimgar of Fantasy and Ash,Grimgar of Fantasy and Ash - I'm Not Fit to Be a Leader,1,10,episode,Toho,1644459069,1644460334,1265,2/9/22 10:11 PM,2/9/22 10:32 PM,,,,,,,,,,,,
40636,Between Life and Death,Season 1,Grimgar of Fantasy and Ash,Grimgar of Fantasy and Ash - Between Life and Death,1,11,episode,Toho,1644460360,1644461826,1466,2/9/22 10:32 PM,2/9/22 10:57 PM,,,,,,,,,,,,
40637,See You Tomorrow...,Season 1,Grimgar of Fantasy and Ash,Grimgar of Fantasy and Ash - See You Tomorrow...,1,12,episode,Toho,1644461830,1644463239,1409,2/9/22 10:57 PM,2/9/22 11:20 PM,,,,,,,,,,,,







11754,Enter: Naruto Uzumaki!,Season 1,Naruto,Naruto - Enter: Naruto Uzumaki!,1,1,episode,TV Tokyo,1590521738,1590523183,1445,5/26/20 3:35 PM,5/26/20 3:59 PM,,,,,,,,,,,,
11755,My Name Is Konohamaru!,Season 1,Naruto,Naruto - My Name Is Konohamaru!,1,2,episode,TV Tokyo,1590523187,1590524513,1326,5/26/20 3:59 PM,5/26/20 4:21 PM,,,,,,,,,,,,
11756,Sasuke and Sakura: Friends or Foes?,Season 1,Naruto,Naruto - Sasuke and Sakura: Friends or Foes?,1,3,episode,TV Tokyo,1590524529,1590525190,661,5/26/20 4:22 PM,5/26/20 4:33 PM,,,,,,,,,,,,
11757,Pass or Fail: Survival Test,Season 1,Naruto,Naruto - Pass or Fail: Survival Test,1,4,episode,TV Tokyo,1590589366,1590590632,1266,5/27/20 10:22 AM,5/27/20 10:43 AM,,,,,,,,,,,,
11758,You Failed! Kakashi's Final Decision,Season 1,Naruto,Naruto - You Failed! Kakashi's Final Decision,1,5,episode,TV Tokyo,1590590634,1590591972,1338,5/27/20 10:43 AM,5/27/20 11:06 AM,,,,,,,,,,,,
11759,A Dangerous Mission! Journey to the Land of Waves!,Season 1,Naruto,Naruto - A Dangerous Mission! Journey to the Land of Waves!,1,6,episode,TV Tokyo,1590591974,1590592582,608,5/27/20 11:06 AM,5/27/20 11:16 AM,,,,,,,,,,,,
11760,The Assassin of the Mist!,Season 1,Naruto,Naruto - The Assassin of the Mist!,1,7,episode,TV Tokyo,1590598484,1590599778,1294,5/27/20 12:54 PM,5/27/20 1:16 PM,,,,,,,,,,,,
11761,The Oath of Pain,Season 1,Naruto,Naruto - The Oath of Pain,1,8,episode,TV Tokyo,1590599782,1590601144,1362,5/27/20 1:16 PM,5/27/20 1:39 PM,,,,,,,,,,,,
11762,Kakashi: Sharingan Warrior!,Season 1,Naruto,Naruto - Kakashi: Sharingan Warrior!,1,9,episode,TV Tokyo,1590601147,1590601972,825,5/27/20 1:39 PM,5/27/20 1:52 PM,,,,,,,,,,,,
11763,The Forest of Chakra,Season 1,Naruto,Naruto - The Forest of Chakra,1,10,episode,TV Tokyo,1590605735,1590607001,1266,5/27/20 2:55 PM,5/27/20 3:16 PM,,,,,,,,,,,,
11764,The Land Where a Hero Once Lived,Season 1,Naruto,Naruto - The Land Where a Hero Once Lived,1,11,episode,TV Tokyo,1590607004,1590608262,1258,5/27/20 3:16 PM,5/27/20 3:37 PM,,,,,,,,,,,,
11765,Battle on the Bridge! Zabuza Returns!,Season 1,Naruto,Naruto - Battle on the Bridge! Zabuza Returns!,1,12,episode,TV Tokyo,1590608266,1590608450,184,5/27/20 3:37 PM,5/27/20 3:40 PM,,,,,,,,,,,,
11766,Haku's Secret Jutsu: Demonic Mirroring Ice Crystals,Season 1,Naruto,Naruto - Haku's Secret Jutsu: Demonic Mirroring Ice Crystals,1,13,episode,TV Tokyo,1590609705,1590610927,1222,5/27/20 4:01 PM,5/27/20 4:22 PM,,,,,,,,,,,,
11767,"The Number One Hyperactive, Knucklehead Ninja Joins the Fight!",Season 1,Naruto,"Naruto - The Number One Hyperactive, Knucklehead Ninja Joins the Fight!",1,14,episode,TV Tokyo,1590610930,1590612276,1346,5/27/20 4:22 PM,5/27/20 4:44 PM,,,,,,,,,,,,
11768,Zero Visibility: The Sharingan Shatters,Season 1,Naruto,Naruto - Zero Visibility: The Sharingan Shatters,1,15,episode,TV Tokyo,1590612278,1590614054,1776,5/27/20 4:44 PM,5/27/20 5:14 PM,,,,,,,,,,,,
11769,The Broken Seal,Season 1,Naruto,Naruto - The Broken Seal,1,16,episode,TV Tokyo,1590614056,1590615325,1269,5/27/20 5:14 PM,5/27/20 5:35 PM,,,,,,,,,,,,
11770,White Past: Hidden Ambition,Season 1,Naruto,Naruto - White Past: Hidden Ambition,1,17,episode,TV Tokyo,1590615327,1590616372,1045,5/27/20 5:35 PM,5/27/20 5:52 PM,,,,,,,,,,,,
11771,The Weapons Known as Shinobi,Season 1,Naruto,Naruto - The Weapons Known as Shinobi,1,18,episode,TV Tokyo,1590617585,1590618761,1176,5/27/20 6:13 PM,5/27/20 6:32 PM,,,,,,,,,,,,
11772,The Demon in the Snow,Season 1,Naruto,Naruto - The Demon in the Snow,1,19,episode,TV Tokyo,1590618764,1590620172,1408,5/27/20 6:32 PM,5/27/20 6:56 PM,,,,,,,,,,,,
11773,A New Chapter Begins: The Ch≈´nin Exam!,Season 1,Naruto,Naruto - A New Chapter Begins: The Ch≈´nin Exam!,1,20,episode,TV Tokyo,1590640544,1590640748,204,5/28/20 12:35 AM,5/28/20 12:39 AM,,,,,,,,,,,,
11774,Identify Yourself: Powerful New Rivals,Season 1,Naruto,Naruto - Identify Yourself: Powerful New Rivals,1,21,episode,TV Tokyo,1590679190,1590680418,1228,5/28/20 11:19 AM,5/28/20 11:40 AM,,,,,,,,,,,,
11775,Ch≈´nin Challenge: Rock Lee vs. Sasuke!,Season 1,Naruto,Naruto - Ch≈´nin Challenge: Rock Lee vs. Sasuke!,1,22,episode,TV Tokyo,1590680422,1590681167,745,5/28/20 11:40 AM,5/28/20 11:52 AM,,,,,,,,,,,,
11776,Genin Takedown! All Nine Rookies Face Off!,Season 1,Naruto,Naruto - Genin Takedown! All Nine Rookies Face Off!,1,23,episode,TV Tokyo,1590684036,1590685480,1444,5/28/20 12:40 PM,5/28/20 1:04 PM,,,,,,,,,,,,
11777,Start Your Engines: The Ch≈´nin Exam Begins!,Season 1,Naruto,Naruto - Start Your Engines: The Ch≈´nin Exam Begins!,1,24,episode,TV Tokyo,1590685577,1590686870,1293,5/28/20 1:06 PM,5/28/20 1:27 PM,,,,,,,,,,,,
11778,The Tenth Question: All or Nothing!,Season 1,Naruto,Naruto - The Tenth Question: All or Nothing!,1,25,episode,TV Tokyo,1590686988,1590688158,1170,5/28/20 1:29 PM,5/28/20 1:49 PM,,,,,,,,,,,,
11780,The Ch≈´nin Exam Stage 2: The Forest of Death,Season 1,Naruto,Naruto - The Ch≈´nin Exam Stage 2: The Forest of Death,1,27,episode,TV Tokyo,1590688288,1590689240,952,5/28/20 1:51 PM,5/28/20 2:07 PM,,,,,,,,,,,,
11781,Eat or Be Eaten: Panic in the Forest,Season 1,Naruto,Naruto - Eat or Be Eaten: Panic in the Forest,1,28,episode,TV Tokyo,1590692573,1590694200,1627,5/28/20 3:02 PM,5/28/20 3:30 PM,,,,,,,,,,,,
11782,Naruto's Counterattack: Never Give In!,Season 1,Naruto,Naruto - Naruto's Counterattack: Never Give In!,1,29,episode,TV Tokyo,1590694212,1590695800,1588,5/28/20 3:30 PM,5/28/20 3:56 PM,,,,,,,,,,,,
11783,The Sharingan Revived: Dragon-Flame Jutsu!,Season 1,Naruto,Naruto - The Sharingan Revived: Dragon-Flame Jutsu!,1,30,episode,TV Tokyo,1590695803,1590697186,1383,5/28/20 3:56 PM,5/28/20 4:19 PM,,,,,,,,,,,,
11784,Bushy Brow's Pledge: Undying Love and Protection,Season 1,Naruto,Naruto - Bushy Brow's Pledge: Undying Love and Protection,1,31,episode,TV Tokyo,1590697188,1590698450,1262,5/28/20 4:19 PM,5/28/20 4:40 PM,,,,,,,,,,,,
11785,Sakura Blossoms!,Season 1,Naruto,Naruto - Sakura Blossoms!,1,32,episode,TV Tokyo,1590699124,1590700487,1363,5/28/20 4:52 PM,5/28/20 5:14 PM,,,,,,,,,,,,
11786,Battle Formation: Ino-Shika-Cho!,Season 1,Naruto,Naruto - Battle Formation: Ino-Shika-Cho!,1,33,episode,TV Tokyo,1590813825,1590815152,1327,5/30/20 12:43 AM,5/30/20 1:05 AM,,,,,,,,,,,,
11787,Akamaru Trembles: Gaara's Cruel Strength!,Season 1,Naruto,Naruto - Akamaru Trembles: Gaara's Cruel Strength!,1,34,episode,TV Tokyo,1590815155,1590816526,1371,5/30/20 1:05 AM,5/30/20 1:28 AM,,,,,,,,,,,,
11788,The Scroll's Secret: No Peeking Allowed,Season 1,Naruto,Naruto - The Scroll's Secret: No Peeking Allowed,1,35,episode,TV Tokyo,1590816584,1590817925,1341,5/30/20 1:29 AM,5/30/20 1:52 AM,,,,,,,,,,,,
11705,Clone vs. Clone: Mine are Better than Yours!,Season 2,Naruto,Naruto - Clone vs. Clone: Mine are Better than Yours!,1,36,episode,TV Tokyo,1590817928,1590819193,1265,5/30/20 1:52 AM,5/30/20 2:13 AM,,,,,,,,,,,,
11706,Surviving the Cut! The Rookie Nine Together Again!,Season 2,Naruto,Naruto - Surviving the Cut! The Rookie Nine Together Again!,1,37,episode,TV Tokyo,1590853709,1590854750,1041,5/30/20 11:48 AM,5/30/20 12:05 PM,,,,,,,,,,,,
11707,Narrowing the Field: Sudden Death Elimination!,Season 2,Naruto,Naruto - Narrowing the Field: Sudden Death Elimination!,1,38,episode,TV Tokyo,1590858516,1590859897,1381,5/30/20 1:08 PM,5/30/20 1:31 PM,,,,,,,,,,,,
11708,Bushy Brow's Jealousy - Lions Barrage Unleashed!,Season 2,Naruto,Naruto - Bushy Brow's Jealousy - Lions Barrage Unleashed!,1,39,episode,TV Tokyo,1590859908,1590861145,1237,5/30/20 1:31 PM,5/30/20 1:52 PM,,,,,,,,,,,,
11709,Kakashi and Orochimaru: Face-to-Face!,Season 2,Naruto,Naruto - Kakashi and Orochimaru: Face-to-Face!,1,40,episode,TV Tokyo,1590995831,1590996969,1138,6/1/20 3:17 AM,6/1/20 3:36 AM,,,,,,,,,,,,
11710,Kunoichi Rumble: The Rivals Get Serious!,Season 2,Naruto,Naruto - Kunoichi Rumble: The Rivals Get Serious!,1,41,episode,TV Tokyo,1591030180,1591031364,1184,6/1/20 12:49 PM,6/1/20 1:09 PM,,,,,,,,,,,,
11711,The Ultimate Battle: Cha!,Season 2,Naruto,Naruto - The Ultimate Battle: Cha!,1,42,episode,TV Tokyo,1591031859,1591033155,1296,6/1/20 1:17 PM,6/1/20 1:39 PM,,,,,,,,,,,,
11712,Killer Kunoichi and a Shaky Shikamaru,Season 2,Naruto,Naruto - Killer Kunoichi and a Shaky Shikamaru,1,43,episode,TV Tokyo,1591033157,1591034422,1265,6/1/20 1:39 PM,6/1/20 2:00 PM,,,,,,,,,,,,
11713,Akamaru Unleashed! Who's Top Dog Now?,Season 2,Naruto,Naruto - Akamaru Unleashed! Who's Top Dog Now?,1,44,episode,TV Tokyo,1591056858,1591058244,1386,6/1/20 8:14 PM,6/1/20 8:37 PM,,,,,,,,,,,,
11716,A Failure Stands Tall!,Season 2,Naruto,Naruto - A Failure Stands Tall!,1,47,episode,TV Tokyo,1591327223,1591328293,1070,6/4/20 11:20 PM,6/4/20 11:38 PM,,,,,,,,,,,,
11717,Gaara vs. Rock Lee: The Power of Youth Explodes!,Season 2,Naruto,Naruto - Gaara vs. Rock Lee: The Power of Youth Explodes!,1,48,episode,TV Tokyo,1591329899,1591331837,1938,6/5/20 12:04 AM,6/5/20 12:37 AM,,,,,,,,,,,,
11718,Lee's Hidden Strength: Forbidden Secret Jutsu!,Season 2,Naruto,Naruto - Lee's Hidden Strength: Forbidden Secret Jutsu!,1,49,episode,TV Tokyo,1591331840,1591333073,1233,6/5/20 12:37 AM,6/5/20 12:57 AM,,,,,,,,,,,,
11719,The Fifth Gate: A Splendid Ninja is Born,Season 2,Naruto,Naruto - The Fifth Gate: A Splendid Ninja is Born,1,50,episode,TV Tokyo,1591333076,1591334298,1222,6/5/20 12:57 AM,6/5/20 1:18 AM,,,,,,,,,,,,
11720,A Shadow in the Darkness: Danger Approaches Sasuke,Season 2,Naruto,Naruto - A Shadow in the Darkness: Danger Approaches Sasuke,1,51,episode,TV Tokyo,1591560379,1591561878,1499,6/7/20 4:06 PM,6/7/20 4:31 PM,,,,,,,,,,,,
11721,Ebisu Returns: Naruto's Toughest Training Yet!,Season 2,Naruto,Naruto - Ebisu Returns: Naruto's Toughest Training Yet!,1,52,episode,TV Tokyo,1591561898,1591562906,1008,6/7/20 4:31 PM,6/7/20 4:48 PM,,,,,,,,,,,,
11722,Long Time No See: Jiraiya Returns!,Season 2,Naruto,Naruto - Long Time No See: Jiraiya Returns!,1,53,episode,TV Tokyo,1591563222,1591565314,2092,6/7/20 4:53 PM,6/7/20 5:28 PM,,,,,,,,,,,,
11723,Summoning Jutsu; Wisdom of the Toad Sage!,Season 2,Naruto,Naruto - Summoning Jutsu; Wisdom of the Toad Sage!,1,54,episode,TV Tokyo,1591575129,1591576347,1218,6/7/20 8:12 PM,6/7/20 8:32 PM,,,,,,,,,,,,
11724,"A Feeling of Yearning, A Flower Full of Hope",Season 2,Naruto,"Naruto - A Feeling of Yearning, A Flower Full of Hope",1,55,episode,TV Tokyo,1591576349,1591577600,1251,6/7/20 8:32 PM,6/7/20 8:53 PM,,,,,,,,,,,,
11725,Live or Die: Risk It All to Win It All!,Season 2,Naruto,Naruto - Live or Die: Risk It All to Win It All!,1,56,episode,TV Tokyo,1591577602,1591578005,403,6/7/20 8:53 PM,6/7/20 9:00 PM,,,,,,,,,,,,
11726,He Flies! He Jumps! He Lurks! Chief Toad Appears!,Season 2,Naruto,Naruto - He Flies! He Jumps! He Lurks! Chief Toad Appears!,1,57,episode,TV Tokyo,1591669093,1591669267,174,6/8/20 10:18 PM,6/8/20 10:21 PM,,,,,,,,,,,,
11727,Hospital Besieged: The Evil Hand Revealed!,Season 2,Naruto,Naruto - Hospital Besieged: The Evil Hand Revealed!,1,58,episode,TV Tokyo,1591906463,1591906841,378,6/11/20 4:14 PM,6/11/20 4:20 PM,,,,,,,,,,,,
11728,The Final Rounds: Rush to the Battle Arena!,Season 2,Naruto,Naruto - The Final Rounds: Rush to the Battle Arena!,1,59,episode,TV Tokyo,1591918813,1591919379,566,6/11/20 7:40 PM,6/11/20 7:49 PM,,,,,,,,,,,,
11729,Byakugan vs. Shadow Clone Jutsu!,Season 2,Naruto,Naruto - Byakugan vs. Shadow Clone Jutsu!,1,60,episode,TV Tokyo,1591920069,1591921539,1470,6/11/20 8:01 PM,6/11/20 8:25 PM,,,,,,,,,,,,
11730,Ultimate Defense: Zero Blind Spot!,Season 2,Naruto,Naruto - Ultimate Defense: Zero Blind Spot!,1,61,episode,TV Tokyo,1591922184,1591923463,1279,6/11/20 8:36 PM,6/11/20 8:57 PM,,,,,,,,,,,,
11731,A Failure's True Power,Season 2,Naruto,Naruto - A Failure's True Power,1,62,episode,TV Tokyo,1591923464,1591924757,1293,6/11/20 8:57 PM,6/11/20 9:19 PM,,,,,,,,,,,,
11732,Hit It or Quit It: The Final Rounds Get Complicated!,Season 2,Naruto,Naruto - Hit It or Quit It: The Final Rounds Get Complicated!,1,63,episode,TV Tokyo,1591924758,1591925056,298,6/11/20 9:19 PM,6/11/20 9:24 PM,,,,,,,,,,,,
11733,Zero Motivation: The Guy with Cloud Envy!,Season 2,Naruto,Naruto - Zero Motivation: The Guy with Cloud Envy!,1,64,episode,TV Tokyo,1591926401,1591928219,1818,6/11/20 9:46 PM,6/11/20 10:16 PM,,,,,,,,,,,,
11734,"Dancing Leaf, Squirming Sand",Season 2,Naruto,"Naruto - Dancing Leaf, Squirming Sand",1,65,episode,TV Tokyo,1591928224,1591930090,1866,6/11/20 10:17 PM,6/11/20 10:48 PM,,,,,,,,,,,,
11735,Bushy Brow's Jutsu: Sasuke Style!,Season 2,Naruto,Naruto - Bushy Brow's Jutsu: Sasuke Style!,1,66,episode,TV Tokyo,1591930103,1591931440,1337,6/11/20 10:48 PM,6/11/20 11:10 PM,,,,,,,,,,,,
11736,I Wasn't Late for Nothing! Ultimate Move - Chidori Revealed!!,Season 2,Naruto,Naruto - I Wasn't Late for Nothing! Ultimate Move - Chidori Revealed!!,1,67,episode,TV Tokyo,1591932080,1591932308,228,6/11/20 11:21 PM,6/11/20 11:25 PM,,,,,,,,,,,,
11737,Zero Hour! Destruction of Konoha Commenced!,Season 2,Naruto,Naruto - Zero Hour! Destruction of Konoha Commenced!,1,68,episode,TV Tokyo,1591934167,1591935634,1467,6/11/20 11:56 PM,6/12/20 12:20 AM,,,,,,,,,,,,
11738,Village in Distress: A New A-Ranked Mission!,Season 2,Naruto,Naruto - Village in Distress: A New A-Ranked Mission!,1,69,episode,TV Tokyo,1591935660,1591937072,1412,6/12/20 12:21 AM,6/12/20 12:44 AM,,,,,,,,,,,,
11739,A Shirker's Call to Action: Layabout No More!,Season 2,Naruto,Naruto - A Shirker's Call to Action: Layabout No More!,1,70,episode,TV Tokyo,1592091348,1592092535,1187,6/13/20 7:35 PM,6/13/20 7:55 PM,,,,,,,,,,,,
11740,Absolutely Incomparable! A Hokage-Level Battle!,Season 2,Naruto,Naruto - Absolutely Incomparable! A Hokage-Level Battle!,1,71,episode,TV Tokyo,1592108585,1592108933,348,6/14/20 12:23 AM,6/14/20 12:28 AM,,,,,,,,,,,,
11741,A Mistake from the Past: A Face Revealed!,Season 2,Naruto,Naruto - A Mistake from the Past: A Face Revealed!,1,72,episode,TV Tokyo,1592159533,1592160335,802,6/14/20 2:32 PM,6/14/20 2:45 PM,,,,,,,,,,,,
11742,Forbidden Secret Jutsu! Shiki-Fujin,Season 2,Naruto,Naruto - Forbidden Secret Jutsu! Shiki-Fujin,1,73,episode,TV Tokyo,1592161470,1592162664,1194,6/14/20 3:04 PM,6/14/20 3:24 PM,,,,,,,,,,,,
11743,Astonishment! Gaara's True Identity!,Season 2,Naruto,Naruto - Astonishment! Gaara's True Identity!,1,74,episode,TV Tokyo,1592162668,1592164374,1706,6/14/20 3:24 PM,6/14/20 3:52 PM,,,,,,,,,,,,
11744,Over the Limit! Sasuke's Decision,Season 2,Naruto,Naruto - Over the Limit! Sasuke's Decision,1,75,episode,TV Tokyo,1592164378,1592165740,1362,6/14/20 3:52 PM,6/14/20 4:15 PM,,,,,,,,,,,,
11745,An Assassin in the Moonlight!,Season 2,Naruto,Naruto - An Assassin in the Moonlight!,1,76,episode,TV Tokyo,1592165743,1592167925,2182,6/14/20 4:15 PM,6/14/20 4:52 PM,,,,,,,,,,,,
11746,Light and Shadow: The Name of Gaara!,Season 2,Naruto,Naruto - Light and Shadow: The Name of Gaara!,1,77,episode,TV Tokyo,1592188765,1592189973,1208,6/14/20 10:39 PM,6/14/20 10:59 PM,,,,,,,,,,,,
11747,Naruto's Ninja Handbook,Season 2,Naruto,Naruto - Naruto's Ninja Handbook,1,78,episode,TV Tokyo,1592189977,1592191313,1336,6/14/20 10:59 PM,6/14/20 11:21 PM,,,,,,,,,,,,
11748,Beyond the Limit of Darkness and Light,Season 2,Naruto,Naruto - Beyond the Limit of Darkness and Light,1,79,episode,TV Tokyo,1592191316,1592192851,1535,6/14/20 11:21 PM,6/14/20 11:47 PM,,,,,,,,,,,,
11749,"The Third Hokage, Forever...",Season 2,Naruto,"Naruto - The Third Hokage, Forever...",1,80,episode,TV Tokyo,1592192855,1592194183,1328,6/14/20 11:47 PM,6/15/20 12:09 AM,,,,,,,,,,,,
11750,Coming Home in the Morning Mist,Season 2,Naruto,Naruto - Coming Home in the Morning Mist,1,81,episode,TV Tokyo,1592270851,1592272041,1190,6/15/20 9:27 PM,6/15/20 9:47 PM,,,,,,,,,,,,
11751,Sharingan vs. Sharingan!,Season 2,Naruto,Naruto - Sharingan vs. Sharingan!,1,82,episode,TV Tokyo,1592439307,1592440378,1071,6/17/20 8:15 PM,6/17/20 8:32 PM,,,,,,,,,,,,
11752,Jiraiya: Naruto's Potential Disaster!,Season 2,Naruto,Naruto - Jiraiya: Naruto's Potential Disaster!,1,83,episode,TV Tokyo,1592440381,1592441907,1526,6/17/20 8:33 PM,6/17/20 8:58 PM,,,,,,,,,,,,
11656,"Roar, Chidori! Brother vs. Brother!",Season 3,Naruto,"Naruto - Roar, Chidori! Brother vs. Brother!",1,84,episode,TV Tokyo,1594086500,1594087819,1319,7/6/20 9:48 PM,7/6/20 10:10 PM,,,,,,,,,,,,
11657,"Foolish Little Brother: Despise Me, Hate Me!",Season 3,Naruto,"Naruto - Foolish Little Brother: Despise Me, Hate Me!",1,85,episode,TV Tokyo,1594087823,1594089030,1207,7/6/20 10:10 PM,7/6/20 10:30 PM,,,,,,,,,,,,
11658,The Pursuit of Knowledge! I'll Definitely Get Stronger!!!,Season 3,Naruto,Naruto - The Pursuit of Knowledge! I'll Definitely Get Stronger!!!,1,86,episode,TV Tokyo,1594089036,1594090334,1298,7/6/20 10:30 PM,7/6/20 10:52 PM,,,,,,,,,,,,
11659,Will Power! Break the Water Balloon!!!,Season 3,Naruto,Naruto - Will Power! Break the Water Balloon!!!,1,87,episode,TV Tokyo,1594090337,1594091891,1554,7/6/20 10:52 PM,7/6/20 11:18 PM,,,,,,,,,,,,
11660,Focal Point: The Symbol of the Hidden Leaf,Season 3,Naruto,Naruto - Focal Point: The Symbol of the Hidden Leaf,1,88,episode,TV Tokyo,1594091895,1594093179,1284,7/6/20 11:18 PM,7/6/20 11:39 PM,,,,,,,,,,,,
11661,Impossible Choice: The Pain in Tsunade's Heart,Season 3,Naruto,Naruto - Impossible Choice: The Pain in Tsunade's Heart,1,89,episode,TV Tokyo,1594093181,1594095302,2121,7/6/20 11:39 PM,7/7/20 12:15 AM,,,,,,,,,,,,
11662,Angry Explosion! I Won't Forgive You!,Season 3,Naruto,Naruto - Angry Explosion! I Won't Forgive You!,1,90,episode,TV Tokyo,1594148348,1594149776,1428,7/7/20 2:59 PM,7/7/20 3:22 PM,,,,,,,,,,,,
11663,Inheritance: The Necklace of Death,Season 3,Naruto,Naruto - Inheritance: The Necklace of Death,1,91,episode,TV Tokyo,1594149779,1594150973,1194,7/7/20 3:22 PM,7/7/20 3:42 PM,,,,,,,,,,,,
11664,Yes or No! Tsunade's Decision!,Season 3,Naruto,Naruto - Yes or No! Tsunade's Decision!,1,92,episode,TV Tokyo,1594150975,1594152169,1194,7/7/20 3:42 PM,7/7/20 4:02 PM,,,,,,,,,,,,
11665,Negotiations Breakdown,Season 3,Naruto,Naruto - Negotiations Breakdown,1,93,episode,TV Tokyo,1594152172,1594153377,1205,7/7/20 4:02 PM,7/7/20 4:22 PM,,,,,,,,,,,,
11666,Attack! Fury of the Rasengan!,Season 3,Naruto,Naruto - Attack! Fury of the Rasengan!,1,94,episode,TV Tokyo,1594153379,1594154572,1193,7/7/20 4:22 PM,7/7/20 4:42 PM,,,,,,,,,,,,
11667,The Fifth Hokage! Sacrificing Her Life to Fight!,Season 3,Naruto,Naruto - The Fifth Hokage! Sacrificing Her Life to Fight!,1,95,episode,TV Tokyo,1594154576,1594155007,431,7/7/20 4:42 PM,7/7/20 4:50 PM,,,,,,,,,,,,
11668,Three-way Battle! Tsunade and Jiraiya vs. Orochimaru!,Season 3,Naruto,Naruto - Three-way Battle! Tsunade and Jiraiya vs. Orochimaru!,1,96,episode,TV Tokyo,1594163784,1594165092,1308,7/7/20 7:16 PM,7/7/20 7:38 PM,,,,,,,,,,,,
11669,Naruto's Hot Springs Adventure,Season 3,Naruto,Naruto - Naruto's Hot Springs Adventure,1,97,episode,TV Tokyo,1595128864,1595130173,1309,7/18/20 11:21 PM,7/18/20 11:42 PM,,,,,,,,,,,,
11670,Tsunade's Warning: Ninja No More,Season 3,Naruto,Naruto - Tsunade's Warning: Ninja No More,1,98,episode,TV Tokyo,1595130178,1595131673,1495,7/18/20 11:42 PM,7/19/20 12:07 AM,,,,,,,,,,,,
11671,The One Who Inherits the Will of Fire,Season 3,Naruto,Naruto - The One Who Inherits the Will of Fire,1,99,episode,TV Tokyo,1595131679,1595132872,1193,7/19/20 12:07 AM,7/19/20 12:27 AM,,,,,,,,,,,,
11672,Sensei and Student: The Bond of a Shinobi!,Season 3,Naruto,Naruto - Sensei and Student: The Bond of a Shinobi!,1,100,episode,TV Tokyo,1595132878,1595134123,1245,7/19/20 12:27 AM,7/19/20 12:48 AM,,,,,,,,,,,,
11673,I Want to See it! Kakashi-sensei's True Face,Season 3,Naruto,Naruto - I Want to See it! Kakashi-sensei's True Face,1,101,episode,TV Tokyo,1595192164,1595193359,1195,7/19/20 4:56 PM,7/19/20 5:15 PM,,,,,,,,,,,,
11674,New Missions! Rescue the Tea Country!,Season 3,Naruto,Naruto - New Missions! Rescue the Tea Country!,1,102,episode,TV Tokyo,1595193363,1595194026,663,7/19/20 5:16 PM,7/19/20 5:27 PM,,,,,,,,,,,,
11679,The Battle Begins: Naruto vs. Sasuke,Season 3,Naruto,Naruto - The Battle Begins: Naruto vs. Sasuke,1,107,episode,TV Tokyo,1596299261,1596300983,1722,8/1/20 12:27 PM,8/1/20 12:56 PM,,,,,,,,,,,,
11680,Bitter Rivals and Broken Bonds,Season 3,Naruto,Naruto - Bitter Rivals and Broken Bonds,1,108,episode,TV Tokyo,1596401457,1596402317,860,8/2/20 4:50 PM,8/2/20 5:05 PM,,,,,,,,,,,,
11681,An Invitation from the Sound,Season 3,Naruto,Naruto - An Invitation from the Sound,1,109,episode,TV Tokyo,1596402886,1596403250,364,8/2/20 5:14 PM,8/2/20 5:20 PM,,,,,,,,,,,,
11682,Formation! The Sasuke Retrieval Squad,Season 3,Naruto,Naruto - Formation! The Sasuke Retrieval Squad,1,110,episode,TV Tokyo,1596404249,1596405718,1469,8/2/20 5:37 PM,8/2/20 6:01 PM,,,,,,,,,,,,
11683,Sound vs. Leaf,Season 3,Naruto,Naruto - Sound vs. Leaf,1,111,episode,TV Tokyo,1596900858,1596902044,1186,8/8/20 11:34 AM,8/8/20 11:54 AM,,,,,,,,,,,,
11684,Squad Mutiny: Everything Falls Apart!,Season 3,Naruto,Naruto - Squad Mutiny: Everything Falls Apart!,1,112,episode,TV Tokyo,1596902057,1596902451,394,8/8/20 11:54 AM,8/8/20 12:00 PM,,,,,,,,,,,,
11685,"Full Throttle Power! Choji, Ablaze!",Season 3,Naruto,"Naruto - Full Throttle Power! Choji, Ablaze!",1,113,episode,TV Tokyo,1596903356,1596904599,1243,8/8/20 12:15 PM,8/8/20 12:36 PM,,,,,,,,,,,,
11686,Good-bye Old Friend...! I'll Always Believe in You!,Season 3,Naruto,Naruto - Good-bye Old Friend...! I'll Always Believe in You!,1,114,episode,TV Tokyo,1596904612,1596906644,2032,8/8/20 12:36 PM,8/8/20 1:10 PM,,,,,,,,,,,,
11687,Your Opponent Is Me!,Season 3,Naruto,Naruto - Your Opponent Is Me!,1,115,episode,TV Tokyo,1596906874,1596908782,1908,8/8/20 1:14 PM,8/8/20 1:46 PM,,,,,,,,,,,,
11688,360 Degrees of Vision: The Byakugan's Blind Spot,Season 3,Naruto,Naruto - 360 Degrees of Vision: The Byakugan's Blind Spot,1,116,episode,TV Tokyo,1596908795,1596910531,1736,8/8/20 1:46 PM,8/8/20 2:15 PM,,,,,,,,,,,,
11689,Losing is Not an Option!,Season 3,Naruto,Naruto - Losing is Not an Option!,1,117,episode,TV Tokyo,1599340837,1599342623,1786,9/5/20 5:20 PM,9/5/20 5:50 PM,,,,,,,,,,,,
11690,The Vessel Arrives Too Late,Season 3,Naruto,Naruto - The Vessel Arrives Too Late,1,118,episode,TV Tokyo,1599409483,1599410180,697,9/6/20 12:24 PM,9/6/20 12:36 PM,,,,,,,,,,,,
11691,Miscalculation: A New Enemy Appears!,Season 3,Naruto,Naruto - Miscalculation: A New Enemy Appears!,1,119,episode,TV Tokyo,1599443710,1599445971,2261,9/6/20 9:55 PM,9/6/20 10:32 PM,,,,,,,,,,,,
16307,Roar and Howl! The Ultimate Tag Team,Season 1,Naruto,Naruto - Roar and Howl! The Ultimate Tag Team,1,120,episode,TV Tokyo,1603757234,1603758460,1226,10/26/20 8:07 PM,10/26/20 8:27 PM,,,,,,,,,,,,
16308,To Each His Own Battle,Season 1,Naruto,Naruto - To Each His Own Battle,1,121,episode,TV Tokyo,1603758469,1603759710,1241,10/26/20 8:27 PM,10/26/20 8:48 PM,,,,,,,,,,,,
16309,Fakeout: Shikamaru's Comeback!,Season 1,Naruto,Naruto - Fakeout: Shikamaru's Comeback!,1,122,episode,TV Tokyo,1603761516,1603763133,1617,10/26/20 9:18 PM,10/26/20 9:45 PM,,,,,,,,,,,,
16310,The Leaf's Handsome Devil!,Season 1,Naruto,Naruto - The Leaf's Handsome Devil!,1,123,episode,TV Tokyo,1603763141,1603765479,2338,10/26/20 9:45 PM,10/26/20 10:24 PM,,,,,,,,,,,,
16311,The Beast Within,Season 1,Naruto,Naruto - The Beast Within,1,124,episode,TV Tokyo,1603765481,1603767223,1742,10/26/20 10:24 PM,10/26/20 10:53 PM,,,,,,,,,,,,
16312,The Sand Shinobi: Allies of the Leaf,Season 1,Naruto,Naruto - The Sand Shinobi: Allies of the Leaf,1,125,episode,TV Tokyo,1606017853,1606019605,1752,11/22/20 12:04 AM,11/22/20 12:33 AM,,,,,,,,,,,,
16313,Showdown: Gaara vs. Kimimaro!,Season 1,Naruto,Naruto - Showdown: Gaara vs. Kimimaro!,1,126,episode,TV Tokyo,1606019929,1606021126,1197,11/22/20 12:38 AM,11/22/20 12:58 AM,,,,,,,,,,,,
16314,Vengeful Strike! The Bracken Dance,Season 1,Naruto,Naruto - Vengeful Strike! The Bracken Dance,1,127,episode,TV Tokyo,1606021129,1606022314,1185,11/22/20 12:58 AM,11/22/20 1:18 AM,,,,,,,,,,,,
16315,A Cry on Deaf Ears,Season 1,Naruto,Naruto - A Cry on Deaf Ears,1,128,episode,TV Tokyo,1606286563,1606287888,1325,11/25/20 2:42 AM,11/25/20 3:04 AM,,,,,,,,,,,,
16316,Brothers: Distance Among the Uchiha,Season 1,Naruto,Naruto - Brothers: Distance Among the Uchiha,1,129,episode,TV Tokyo,1606287891,1606288510,619,11/25/20 3:04 AM,11/25/20 3:15 AM,,,,,,,,,,,,
16317,"Father and Son, the Broken Crest",Season 1,Naruto,"Naruto - Father and Son, the Broken Crest",1,130,episode,TV Tokyo,1606289365,1606290565,1200,11/25/20 3:29 AM,11/25/20 3:49 AM,,,,,,,,,,,,
16318,The Secrets of the Mangeky≈ç Sharingan,Season 1,Naruto,Naruto - The Secrets of the Mangeky≈ç Sharingan,1,131,episode,TV Tokyo,1606290575,1606291179,604,11/25/20 3:49 AM,11/25/20 3:59 AM,,,,,,,,,,,,
16319,For a Friend,Season 1,Naruto,Naruto - For a Friend,1,132,episode,TV Tokyo,1606291931,1606292003,72,11/25/20 4:12 AM,11/25/20 4:13 AM,,,,,,,,,,,,
16320,A Plea from a Friend,Season 1,Naruto,Naruto - A Plea from a Friend,1,133,episode,TV Tokyo,1606293557,1606294741,1184,11/25/20 4:39 AM,11/25/20 4:59 AM,,,,,,,,,,,,
16321,The End of Tears,Season 1,Naruto,Naruto - The End of Tears,1,134,episode,TV Tokyo,1606294751,1606295912,1161,11/25/20 4:59 AM,11/25/20 5:18 AM,,,,,,,,,,,,
16322,The Promise That Could Not Be Kept,Season 1,Naruto,Naruto - The Promise That Could Not Be Kept,1,135,episode,TV Tokyo,1606295924,1606296781,857,11/25/20 5:18 AM,11/25/20 5:33 AM,,,,,,,,,,,,
16323,Deep Cover‚Åâ A Super S-Ranked Mission!,Season 1,Naruto,Naruto - Deep Cover‚Åâ A Super S-Ranked Mission!,1,136,episode,TV Tokyo,1606297537,1606297750,213,11/25/20 5:45 AM,11/25/20 5:49 AM,,,,,,,,,,,,
16328,Sakura's Determination,Season 1,Naruto,Naruto - Sakura's Determination,1,141,episode,TV Tokyo,1606297772,1606297985,213,11/25/20 5:49 AM,11/25/20 5:53 AM,,,,,,,,,,,,
16329,The Three Villains from the Maximum Security Prison,Season 1,Naruto,Naruto - The Three Villains from the Maximum Security Prison,1,142,episode,TV Tokyo,1606298014,1606298502,488,11/25/20 5:53 AM,11/25/20 6:01 AM,,,,,,,,,,,,
16407,Departure,Season 1,Naruto,Naruto - Departure,1,220,episode,TV Tokyo,1606299084,1606300164,1080,11/25/20 6:11 AM,11/25/20 6:29 AM,,,,,,,,,,,,

16410,Homecoming,Season 1,Naruto Shippuden,Naruto Shippuden - Homecoming,1,1,episode,TV Tokyo,1606300227,1606301506,1279,11/25/20 6:30 AM,11/25/20 6:51 AM,,,,,,,,,,,,
16411,"Akatsuki, Makes A Move",Season 1,Naruto Shippuden,"Naruto Shippuden - Akatsuki, Makes A Move",1,2,episode,TV Tokyo,1614652836,1614654582,1746,3/1/21 10:40 PM,3/1/21 11:09 PM,,,,,,,,,,,,
12204,The Two Charms,Season 5,Naruto Shippuden,Naruto Shippuden - The Two Charms,5,7,episode,TV Tokyo,1598850453,1598850750,297,8/31/20 1:07 AM,8/31/20 1:12 AM,,,,,,,,,,,,

17187,Beginner,Season 1,No Game No Life,No Game No Life - Beginner,1,1,episode,Madhouse,1645061065,1645062502,1437,2/16/22 9:24 PM,2/16/22 9:48 PM,,,,,,,,,,,,
17188,Challenger,Season 1,No Game No Life,No Game No Life - Challenger,1,2,episode,Madhouse,1645062502,1645063940,1438,2/16/22 9:48 PM,2/16/22 10:12 PM,,,,,,,,,,,,
17189,Expert,Season 1,No Game No Life,No Game No Life - Expert,1,3,episode,Madhouse,1645064049,1645065370,1321,2/16/22 10:14 PM,2/16/22 10:36 PM,,,,,,,,,,,,
17190,Grandmaster,Season 1,No Game No Life,No Game No Life - Grandmaster,1,4,episode,Madhouse,1645065370,1645067027,1657,2/16/22 10:36 PM,2/16/22 11:03 PM,,,,,,,,,,,,
17191,Weak Square,Season 1,No Game No Life,No Game No Life - Weak Square,1,5,episode,Madhouse,1645668900,1645670447,1547,2/23/22 10:15 PM,2/23/22 10:40 PM,,,,,,,,,,,,
17192,Interesting,Season 1,No Game No Life,No Game No Life - Interesting,1,6,episode,Madhouse,1645670467,1645671743,1276,2/23/22 10:41 PM,2/23/22 11:02 PM,,,,,,,,,,,,

24649,I'm Luffy! The Man Who's Gonna Be King of the Pirates!,Season 1,One Piece,One Piece - I'm Luffy! The Man Who's Gonna Be King of the Pirates!,1,1,episode,Fuji TV,1624834992,1624836353,1361,6/27/21 7:03 PM,6/27/21 7:25 PM,,,,,,,,,,,,
17016,The Strongest Man,Season 1,One-Punch Man,One-Punch Man - The Strongest Man,1,1,episode,Madhouse,1637461863,1637463172,1309,11/20/21 10:31 PM,11/20/21 10:52 PM,,,,,,,,,,,,
17017,The Lone Cyborg,Season 1,One-Punch Man,One-Punch Man - The Lone Cyborg,1,2,episode,Madhouse,1637463179,1637464170,991,11/20/21 10:52 PM,11/20/21 11:09 PM,,,,,,,,,,,,
40546,Musashi & Kojiro,Season 1,Orient,Orient - Musashi & Kojiro,1,1,episode,ACGT,1645678360,1645679964,1604,2/24/22 12:52 AM,2/24/22 1:19 AM,,,,,,,,,,,,
40581,Bushi's Pride,Season 1,Orient,Orient - Bushi's Pride,1,2,episode,ACGT,1645813698,1645813762,64,2/25/22 2:28 PM,2/25/22 2:29 PM,,,,,,,,,,,,
29257,Gift from an Angel,Season 1,Platinum End,Platinum End - Gift from an Angel,1,1,episode,Signal.MD,1641350115,1641351688,1573,1/4/22 10:35 PM,1/4/22 11:01 PM,,,,,,,,,,,,
28784,The Eclipse,Season 1,Pokémon Evolutions,Pokémon Evolutions - The Eclipse,1,2,episode,OLM,1632960921,1632961396,475,9/29/21 8:15 PM,9/29/21 8:23 PM,,,,,,,,,,,,
29236,The Visionary,Season 1,Pokémon Evolutions,Pokémon Evolutions - The Visionary,1,3,episode,OLM,1633898125,1633898558,433,10/10/21 4:35 PM,10/10/21 4:42 PM,,,,,,,,,,,,
29504,The Plan,Season 1,Pokémon Evolutions,Pokémon Evolutions - The Plan,1,4,episode,OLM,1636070390,1636070856,466,11/4/21 7:59 PM,11/4/21 8:07 PM,,,,,,,,,,,,

3861,The First Thing I Remember Is Fire,Season 1,The Dark Crystal: Age of Resistance,The Dark Crystal: Age of Resistance - The First Thing I Remember Is Fire,1,4,episode,Netflix,1568814280,1568817132,2852,9/18/19 9:44 AM,9/18/19 10:32 AM,,,,,,,,,,,,
3862,She Knows All the Secrets,Season 1,The Dark Crystal: Age of Resistance,The Dark Crystal: Age of Resistance - She Knows All the Secrets,1,5,episode,Netflix,1568817133,1568820349,3216,9/18/19 10:32 AM,9/18/19 11:25 AM,,,,,,,,,,,,
3863,By Gelfling Hand ...,Season 1,The Dark Crystal: Age of Resistance,The Dark Crystal: Age of Resistance - By Gelfling Hand ...,1,6,episode,Netflix,1569543877,1569547193,3316,9/26/19 8:24 PM,9/26/19 9:19 PM,,,,,,,,,,,,
3864,Time to Make ... My Move,Season 1,The Dark Crystal: Age of Resistance,The Dark Crystal: Age of Resistance - Time to Make ... My Move,1,7,episode,Netflix,1569547195,1569549291,2096,9/26/19 9:19 PM,9/26/19 9:54 PM,,,,,,,,,,,,
3865,Prophets Don't Know Everything,Season 1,The Dark Crystal: Age of Resistance,The Dark Crystal: Age of Resistance - Prophets Don't Know Everything,1,8,episode,Netflix,1569550227,1569553331,3104,9/26/19 10:10 PM,9/26/19 11:02 PM,,,,,,,,,,,,
3866,The Crystal Calls,Season 1,The Dark Crystal: Age of Resistance,The Dark Crystal: Age of Resistance - The Crystal Calls,1,9,episode,Netflix,1569553333,1569556597,3264,9/26/19 11:02 PM,9/26/19 11:56 PM,,,,,,,,,,,,
3867,A Single Piece Was Lost,Season 1,The Dark Crystal: Age of Resistance,The Dark Crystal: Age of Resistance - A Single Piece Was Lost,1,10,episode,Netflix,1569556599,1569559927,3328,9/26/19 11:56 PM,9/27/19 12:52 AM,,,,,,,,,,,,
24348,New World Order,Season 1,The Falcon and the Winter Soldier,The Falcon and the Winter Soldier - New World Order,1,1,episode,Disney+,1616172734,1616172775,41,3/19/21 12:52 PM,3/19/21 12:52 PM,,,,,,,,,,,,
24403,The Star-Spangled Man,Season 1,The Falcon and the Winter Soldier,The Falcon and the Winter Soldier - The Star-Spangled Man,1,2,episode,Disney+,1616794481,1616794550,69,3/26/21 5:34 PM,3/26/21 5:35 PM,,,,,,,,,,,,
24411,The Star-Spangled Man ,Season 1,The Falcon and the Winter Soldier,The Falcon and the Winter Soldier - The Star-Spangled Man ,1,2,episode,Disney+,1616805780,1616808798,3018,3/26/21 8:43 PM,3/26/21 9:33 PM,,,,,,,,,,,,
24527,Power Broker,Season 1,The Falcon and the Winter Soldier,The Falcon and the Winter Soldier - Power Broker,1,3,episode,Disney+,1617373602,1617373691,89,4/2/21 10:26 AM,4/2/21 10:28 AM,,,,,,,,,,,,
24706,The Whole World Is Watching,Season 1,The Falcon and the Winter Soldier,The Falcon and the Winter Soldier - The Whole World Is Watching,1,4,episode,Disney+,1617993243,1617993434,191,4/9/21 2:34 PM,4/9/21 2:37 PM,,,,,,,,,,,,
24894,Truth,Season 1,The Falcon and the Winter Soldier,The Falcon and the Winter Soldier - Truth,1,5,episode,Disney+,1618614792,1618614880,88,4/16/21 7:13 PM,4/16/21 7:14 PM,,,,,,,,,,,,
25020,"One World, One People",Season 1,The Falcon and the Winter Soldier,"The Falcon and the Winter Soldier - One World, One People",1,6,episode,Disney+,1619207659,1619210619,2960,4/23/21 3:54 PM,4/23/21 4:43 PM,,,,,,,,,,,,


21371,Chapter 9: The Marshal,Season 2,The Mandalorian,The Mandalorian - Chapter 9: The Marshal,2,1,episode,Disney+,1604108053,1604111213,3160,10/30/20 9:34 PM,10/30/20 10:26 PM,,,,,,,,,,,,
21496,Chapter 10,Season 2,The Mandalorian,The Mandalorian - Chapter 10,2,2,episode,Disney+,1604802601,1604802632,31,11/7/20 10:30 PM,11/7/20 10:30 PM,,,,,,,,,,,,
21593,Chapter 11: The Heiress,Season 2,The Mandalorian,The Mandalorian - Chapter 11: The Heiress,2,3,episode,Disney+,1605315831,1605317766,1935,11/13/20 9:03 PM,11/13/20 9:36 PM,,,,,,,,,,,,
21596,Chapter 12: The Siege,Season 2,The Mandalorian,The Mandalorian - Chapter 12: The Siege,2,4,episode,Disney+,1606004400,1606006503,2103,11/21/20 8:20 PM,11/21/20 8:55 PM,,,,,,,,,,,,
21607,Chapter 13: The Jedi,Season 2,The Mandalorian,The Mandalorian - Chapter 13: The Jedi,2,5,episode,Disney+,1606535030,1606537504,2474,11/27/20 11:43 PM,11/28/20 12:25 AM,,,,,,,,,,,,
21665,Chapter 14: The Tragedy,Season 2,The Mandalorian,The Mandalorian - Chapter 14: The Tragedy,2,6,episode,Disney+,1607148094,1607150170,2076,12/5/20 2:01 AM,12/5/20 2:36 AM,,,,,,,,,,,,
21720,Chapter 15: The Believer,Season 2,The Mandalorian,The Mandalorian - Chapter 15: The Believer,2,7,episode,Disney+,1607740847,1607741225,378,12/11/20 10:40 PM,12/11/20 10:47 PM,,,,,,,,,,,,
21729,Chapter 16: The Rescue,Season 2,The Mandalorian,The Mandalorian - Chapter 16: The Rescue,2,8,episode,Disney+,1608332599,1608332842,243,12/18/20 7:03 PM,12/18/20 7:07 PM,,,,,,,,,,,,

22329,BALL,Season 1,Tower of God,Tower of God - BALL,1,1,episode,BS11,1615001648,1615003146,1498,3/5/21 11:34 PM,3/5/21 11:59 PM,,,,,,,,,,,,
22330,3/400 (Three Four-Hundredths),Season 1,Tower of God,Tower of God - 3/400 (Three Four-Hundredths),1,2,episode,BS11,1615003159,1615004500,1341,3/5/21 11:59 PM,3/6/21 12:21 AM,,,,,,,,,,,,
22345,The Correct Door,Season 1,Tower of God,Tower of God - The Correct Door,1,3,episode,BS11,1615004512,1615005998,1486,3/6/21 12:21 AM,3/6/21 12:46 AM,,,,,,,,,,,,
22346,The Green April,Season 1,Tower of God,Tower of God - The Green April,1,4,episode,BS11,1615597429,1615598824,1395,3/12/21 9:03 PM,3/12/21 9:27 PM,,,,,,,,,,,,
22347,The Crown‚Äôs Fate,Season 1,Tower of God,Tower of God - The Crown‚Äôs Fate,1,5,episode,BS11,1615598830,1615600121,1291,3/12/21 9:27 PM,3/12/21 9:48 PM,,,,,,,,,,,,
22348,Position Selection,Season 1,Tower of God,Tower of God - Position Selection,1,6,episode,BS11,1615600124,1615601470,1346,3/12/21 9:48 PM,3/12/21 10:11 PM,,,,,,,,,,,,
22349,Lunch and Tag,Season 1,Tower of God,Tower of God - Lunch and Tag,1,7,episode,BS11,1615601480,1615602771,1291,3/12/21 10:11 PM,3/12/21 10:32 PM,,,,,,,,,,,,
22350,Khun‚Äôs Strategy,Season 1,Tower of God,Tower of God - Khun‚Äôs Strategy,1,8,episode,BS11,1615602790,1615604165,1375,3/12/21 10:33 PM,3/12/21 10:56 PM,,,,,,,,,,,,
22351,The One-Horned Ogre,Season 1,Tower of God,Tower of God - The One-Horned Ogre,1,9,episode,BS11,1615604176,1615605820,1644,3/12/21 10:56 PM,3/12/21 11:23 PM,,,,,,,,,,,,
22352,Beyond the Sadness,Season 1,Tower of God,Tower of God - Beyond the Sadness,1,10,episode,BS11,1615605824,1615607247,1423,3/12/21 11:23 PM,3/12/21 11:47 PM,,,,,,,,,,,,
22353,Underwater Hunt (Part One),Season 1,Tower of God,Tower of God - Underwater Hunt (Part One),1,11,episode,BS11,1616285334,1616286883,1549,3/20/21 8:08 PM,3/20/21 8:34 PM,,,,,,,,,,,,
22354,Underwater Hunt (Part Two),Season 1,Tower of God,Tower of God - Underwater Hunt (Part Two),1,12,episode,BS11,1616286884,1616288291,1407,3/20/21 8:34 PM,3/20/21 8:58 PM,,,,,,,,,,,,
22355,Tower of God,Season 1,Tower of God,Tower of God - Tower of God,1,13,episode,BS11,1616288295,1616289915,1620,3/20/21 8:58 PM,3/20/21 9:25 PM,,,,,,,,,,,,








188,Solo: A Star Wars Story,,,Solo: A Star Wars Story,,,movie,Lucasfilm,1561513690,1561513902,212,6/25/19 9:48 PM,6/25/19 9:51 PM,,,,,,,,,,,,
12329,Mission: Impossible - Fallout,,,Mission: Impossible - Fallout,,,movie,Paramount,1544342361,1544342568,207,12/9/18 3:59 AM,12/9/18 4:02 AM,,,,,,,,,,,,
12332,Mission: Impossible - Ghost Protocol,,,Mission: Impossible - Ghost Protocol,,,movie,Paramount,1544205115,1544205662,547,12/7/18 1:51 PM,12/7/18 2:01 PM,,,,,,,,,,,,
12333,Mission: Impossible - Rogue Nation,,,Mission: Impossible - Rogue Nation,,,movie,Paramount,1544339946,1544342312,2366,12/9/18 3:19 AM,12/9/18 3:58 AM,,,,,,,,,,,,
12334,Mission: Impossible,,,Mission: Impossible,,,movie,Paramount,1540494237,1540494436,199,10/25/18 3:03 PM,10/25/18 3:07 PM,,,,,,,,,,,,
12488,Nineteen Eighty-Four,,,Nineteen Eighty-Four,,,movie,Umbrella-Rosenblum Film Production,1571627054,1571634062,7008,10/20/19 11:04 PM,10/21/19 1:01 AM,,,,,,,,,,,,
12489,2001: A Space Odyssey,,,2001: A Space Odyssey,,,movie,Metro-Goldwyn-Mayer,1553142281,1553144379,2098,3/21/19 12:24 AM,3/21/19 12:59 AM,,,,,,,,,,,,
12491,A Beautiful Day in the Neighborhood,,,A Beautiful Day in the Neighborhood,,,movie,Big Beach,1582438713,1582439073,360,2/23/20 2:18 AM,2/23/20 2:24 AM,,,,,,,,,,,,
12498,American Made,,,American Made,,,movie,Imagine Entertainment,1551501113,1551508076,6963,3/2/19 12:31 AM,3/2/19 2:27 AM,,,,,,,,,,,,
12505,Arrival,,,Arrival,,,movie,21 Laps Entertainment,1591729279,1591729641,362,6/9/20 3:01 PM,6/9/20 3:07 PM,,,,,,,,,,,,
12506,Avatar,,,Avatar,,,movie,20th Century Fox,1581386474,1581386778,304,2/10/20 10:01 PM,2/10/20 10:06 PM,,,,,,,,,,,,
12510,BlacKkKlansman,,,BlacKkKlansman,,,movie,Legendary Entertainment,1559240662,1559241363,701,5/30/19 2:24 PM,5/30/19 2:36 PM,,,,,,,,,,,,
12512,Blade Runner,,,Blade Runner,,,movie,Warner Bros. Pictures,1590545848,1590546238,390,5/26/20 10:17 PM,5/26/20 10:23 PM,,,,,,,,,,,,
12514,Bohemian Rhapsody,,,Bohemian Rhapsody,,,movie,20th Century Fox,1548638231,1548646922,8691,1/27/19 9:17 PM,1/27/19 11:42 PM,,,,,,,,,,,,
12516,Borat: Cultural Learnings of America for Make Benefit Glorious Nation of Kazakhstan,,,Borat: Cultural Learnings of America for Make Benefit Glorious Nation of Kazakhstan,,,movie,20th Century Fox,1582257185,1582257622,437,2/20/20 11:53 PM,2/21/20 12:00 AM,,,,,,,,,,,,
12520,Bumblebee,,,Bumblebee,,,movie,Paramount,1559869094,1559869450,356,6/6/19 8:58 PM,6/6/19 9:04 PM,,,,,,,,,,,,
12521,Catch Me If You Can,,,Catch Me If You Can,,,movie,Kemp Company,1576204059,1576204320,261,12/12/19 10:27 PM,12/12/19 10:32 PM,,,,,,,,,,,,
12539,Dunkirk,,,Dunkirk,,,movie,Warner Bros. Pictures,1560554260,1560554779,519,6/14/19 7:17 PM,6/14/19 7:26 PM,,,,,,,,,,,,
12542,Eighth Grade,,,Eighth Grade,,,movie,Scott Rudin Productions,1573959919,1573963354,3435,11/16/19 11:05 PM,11/17/19 12:02 AM,,,,,,,,,,,,
12543,Ender's Game,,,Ender's Game,,,movie,Chartoff Productions,1567320879,1567321237,358,9/1/19 2:54 AM,9/1/19 3:00 AM,,,,,,,,,,,,
12549,First Man,,,First Man,,,movie,DreamWorks Pictures,1551120505,1551121285,780,2/25/19 2:48 PM,2/25/19 3:01 PM,,,,,,,,,,,,
12551,Get Out,,,Get Out,,,movie,Blumhouse Productions,1539123655,1539123744,89,10/9/18 6:20 PM,10/9/18 6:22 PM,,,,,,,,,,,,
12553,Gladiator,,,Gladiator,,,movie,DreamWorks Pictures,1553104488,1553104610,122,3/20/19 1:54 PM,3/20/19 1:56 PM,,,,,,,,,,,,
12569,How to Train Your Dragon 2,,,How to Train Your Dragon 2,,,movie,DreamWorks Animation,1570329762,1570336362,6600,10/5/19 10:42 PM,10/6/19 12:32 AM,,,,,,,,,,,,
12570,How to Train Your Dragon: The Hidden World,,,How to Train Your Dragon: The Hidden World,,,movie,Universal Pictures,1570336381,1570342939,6558,10/6/19 12:33 AM,10/6/19 2:22 AM,,,,,,,,,,,,
12572,Inception,,,Inception,,,movie,Warner Bros. Pictures,1555261275,1555261833,558,4/14/19 1:01 PM,4/14/19 1:10 PM,,,,,,,,,,,,
12576,Raiders of the Lost Ark,,,Raiders of the Lost Ark,,,movie,Lucasfilm Ltd.,1558163756,1558166550,2794,5/18/19 3:15 AM,5/18/19 4:02 AM,,,,,,,,,,,,
12578,Interstellar,,,Interstellar,,,movie,Legendary Entertainment,1561191161,1561191599,438,6/22/19 4:12 AM,6/22/19 4:19 AM,,,,,,,,,,,,
12582,John Wick,,,John Wick,,,movie,Warner Bros. Pictures,1558140512,1558143481,2969,5/17/19 8:48 PM,5/17/19 9:38 PM,,,,,,,,,,,,
12587,Jojo Rabbit,,,Jojo Rabbit,,,movie,Fox Searchlight Pictures,1582433735,1582433804,69,2/23/20 12:55 AM,2/23/20 12:56 AM,,,,,,,,,,,,
12588,Joker,,,Joker,,,movie,Village Roadshow Pictures,1579381801,1579382231,430,1/18/20 5:10 PM,1/18/20 5:17 PM,,,,,,,,,,,,
12590,Jurassic Park,,,Jurassic Park,,,movie,Universal Pictures,1560023046,1560026062,3016,6/8/19 3:44 PM,6/8/19 4:34 PM,,,,,,,,,,,,
12594,Knives Out,,,Knives Out,,,movie,Lionsgate,1584758577,1584759111,534,3/20/20 10:42 PM,3/20/20 10:51 PM,,,,,,,,,,,,
12595,Kubo and the Two Strings,,,Kubo and the Two Strings,,,movie,Focus Features,1568345414,1568345912,498,9/12/19 11:30 PM,9/12/19 11:38 PM,,,,,,,,,,,,
12599,La La Land,,,La La Land,,,movie,Summit Entertainment,1583978618,1583979043,425,3/11/20 10:03 PM,3/11/20 10:10 PM,,,,,,,,,,,,
12601,Liar Liar,,,Liar Liar,,,movie,Imagine Entertainment,1539735635,1539735778,143,10/16/18 8:20 PM,10/16/18 8:22 PM,,,,,,,,,,,,
12605,Looper,,,Looper,,,movie,TriStar Pictures,1579382885,1579383046,161,1/18/20 5:28 PM,1/18/20 5:30 PM,,,,,,,,,,,,
12620,Monty Python and the Holy Grail,,,Monty Python and the Holy Grail,,,movie,Python (Monty) Pictures Limited,1557937607,1557944339,6732,5/15/19 12:26 PM,5/15/19 2:18 PM,,,,,,,,,,,,
12623,Murder on the Orient Express,,,Murder on the Orient Express,,,movie,20th Century Fox,1559491807,1559495707,3900,6/2/19 12:10 PM,6/2/19 1:15 PM,,,,,,,,,,,,
12628,Now You See Me,,,Now You See Me,,,movie,Summit Entertainment,1579246381,1579251437,5056,1/17/20 3:33 AM,1/17/20 4:57 AM,,,,,,,,,,,,
12634,Parasite,,,Parasite,,,movie,Barunson E&A,1584759628,1584759933,305,3/20/20 11:00 PM,3/20/20 11:05 PM,,,,,,,,,,,,
12636,Pokémon Detective Pikachu,,,Pokémon Detective Pikachu,,,movie,Warner Bros. Pictures,1564365707,1564366005,298,7/28/19 10:01 PM,7/28/19 10:06 PM,,,,,,,,,,,,
12638,Pulp Fiction,,,Pulp Fiction,,,movie,Miramax,1538162572,1538164730,2158,9/28/18 3:22 PM,9/28/18 3:58 PM,,,,,,,,,,,,
12640,Ready Player One,,,Ready Player One,,,movie,Amblin Entertainment,1541310434,1541311172,738,11/4/18 1:47 AM,11/4/18 1:59 AM,,,,,,,,,,,,
12652,Snowden,,,Snowden,,,movie,Endgame Entertainment,1570381480,1570389447,7967,10/6/19 1:04 PM,10/6/19 3:17 PM,,,,,,,,,,,,
12653,Sonic the Hedgehog,,,Sonic the Hedgehog,,,movie,Paramount,1585187328,1585187910,582,3/25/20 9:48 PM,3/25/20 9:58 PM,,,,,,,,,,,,
12654,Spaceballs,,,Spaceballs,,,movie,Metro-Goldwyn-Mayer,1560826516,1560826715,199,6/17/19 10:55 PM,6/17/19 10:58 PM,,,,,,,,,,,,
12655,Spider-Man: Into the Spider-Verse,,,Spider-Man: Into the Spider-Verse,,,movie,Columbia Pictures,1551201176,1551211014,9838,2/26/19 1:12 PM,2/26/19 3:56 PM,,,,,,,,,,,,
12670,The Big Short,,,The Big Short,,,movie,Paramount,1576102324,1576103528,1204,12/11/19 6:12 PM,12/11/19 6:32 PM,,,,,,,,,,,,
12677,The Dark Knight,,,The Dark Knight,,,movie,Warner Bros. Pictures,1541358862,1541367576,8714,11/4/18 3:14 PM,11/4/18 5:39 PM,,,,,,,,,,,,
12678,The Dark Knight Rises,,,The Dark Knight Rises,,,movie,Warner Bros. Pictures,1541984372,1541992087,7715,11/11/18 8:59 PM,11/11/18 11:08 PM,,,,,,,,,,,,
12682,The Lord of the Rings: The Fellowship of the Ring,,,The Lord of the Rings: The Fellowship of the Ring,,,movie,WingNut Films,1541358268,1541358527,259,11/4/18 3:04 PM,11/4/18 3:08 PM,,,,,,,,,,,,
12689,The Greatest Showman,,,The Greatest Showman,,,movie,20th Century Fox,1614671803,1614672118,315,3/2/21 3:56 AM,3/2/21 4:01 AM,,,,,,,,,,,,
12692,The Hunger Games: Catching Fire,,,The Hunger Games: Catching Fire,,,movie,Lionsgate,1561185096,1561191156,6060,6/22/19 2:31 AM,6/22/19 4:12 AM,,,,,,,,,,,,
12693,The Hunger Games: Mockingjay - Part 1,,,The Hunger Games: Mockingjay - Part 1,,,movie,Lionsgate,1561183569,1561185045,1476,6/22/19 2:06 AM,6/22/19 2:30 AM,,,,,,,,,,,,
12695,The Hunger Games,,,The Hunger Games,,,movie,Lionsgate,1561151332,1561151689,357,6/21/19 5:08 PM,6/21/19 5:14 PM,,,,,,,,,,,,
12696,The Hunt for Red October,,,The Hunt for Red October,,,movie,Paramount,1579318225,1579318936,711,1/17/20 11:30 PM,1/17/20 11:42 PM,,,,,,,,,,,,
12705,The Mask,,,The Mask,,,movie,New Line Cinema,1583979205,1583980472,1267,3/11/20 10:13 PM,3/11/20 10:34 PM,,,,,,,,,,,,
12712,The Pixar Story,,,The Pixar Story,,,movie,Leslie Iwerks Productions,1562029069,1562029753,684,7/1/19 8:57 PM,7/1/19 9:09 PM,,,,,,,,,,,,
12713,The Post,,,The Post,,,movie,DreamWorks Pictures,1542380645,1542387472,6827,11/16/18 11:04 AM,11/16/18 12:57 PM,,,,,,,,,,,,
12715,The Report,,,The Report,,,movie,Vice Media,1592109066,1592110135,1069,6/14/20 12:31 AM,6/14/20 12:48 AM,,,,,,,,,,,,
12716,The Lord of the Rings: The Return of the King,,,The Lord of the Rings: The Return of the King,,,movie,WingNut Films,1556415468,1556423794,8326,4/27/19 9:37 PM,4/27/19 11:56 PM,,,,,,,,,,,,
12718,The Shape of Water,,,The Shape of Water,,,movie,Fox Searchlight Pictures,1579328878,1579329043,165,1/18/20 2:27 AM,1/18/20 2:30 AM,,,,,,,,,,,,
12720,The Shining,,,The Shining,,,movie,Hawk Films,1541301692,1541307294,5602,11/3/18 11:21 PM,11/4/18 12:54 AM,,,,,,,,,,,,
12721,The Silence of the Lambs,,,The Silence of the Lambs,,,movie,Orion Pictures,1593402808,1593409966,7158,6/28/20 11:53 PM,6/29/20 1:52 AM,,,,,,,,,,,,
12722,The Social Network,,,The Social Network,,,movie,Columbia Pictures,1553399118,1553407631,8513,3/23/19 11:45 PM,3/24/19 2:07 AM,,,,,,,,,,,,
12728,The Two Popes,,,The Two Popes,,,movie,Rideback,1584759440,1584759590,150,3/20/20 10:57 PM,3/20/20 10:59 PM,,,,,,,,,,,,
12729,The Lord of the Rings: The Two Towers,,,The Lord of the Rings: The Two Towers,,,movie,WingNut Films,1548135898,1548138253,2355,1/22/19 1:44 AM,1/22/19 2:24 AM,,,,,,,,,,,,
12732,Titanic,,,Titanic,,,movie,Paramount,1565471991,1565473726,1735,8/10/19 5:19 PM,8/10/19 5:48 PM,,,,,,,,,,,,
12735,Uncut Gems,,,Uncut Gems,,,movie,Sikelia Productions,1596400317,1596400467,150,8/2/20 4:31 PM,8/2/20 4:34 PM,,,,,,,,,,,,
12737,Us,,,Us,,,movie,Universal Pictures,1561515132,1561518840,3708,6/25/19 10:12 PM,6/25/19 11:14 PM,,,,,,,,,,,,
12740,Vice,,,Vice,,,movie,Plan B Entertainment,1561601708,1561605705,3997,6/26/19 10:15 PM,6/26/19 11:21 PM,,,,,,,,,,,,
12742,WarGames,,,WarGames,,,movie,United Artists,1590382215,1590383225,1010,5/25/20 12:50 AM,5/25/20 1:07 AM,,,,,,,,,,,,
12745,Won't You Be My Neighbor?,,,Won't You Be My Neighbor?,,,movie,Focus Features,1551121318,1551122070,752,2/25/19 3:01 PM,2/25/19 3:14 PM,,,,,,,,,,,,
12764,My Hero Academia: Two Heroes,,,My Hero Academia: Two Heroes,,,movie,BONES,1588052540,1588059647,7107,4/28/20 1:42 AM,4/28/20 3:40 AM,,,,,,,,,,,,
12769,Star Wars: Episode I - The Phantom Menace,,,Star Wars: Episode I - The Phantom Menace,,,movie,Lucasfilm Ltd.,1557103241,1557103311,70,5/5/19 8:40 PM,5/5/19 8:41 PM,,,,,,,,,,,,
12772,Star Wars,,,Star Wars,,,movie,Lucasfilm Ltd.,1557103395,1557103851,456,5/5/19 8:43 PM,5/5/19 8:50 PM,,,,,,,,,,,,
12776,Star Wars: Episode VIII - The Last Jedi,,,Star Wars: Episode VIII - The Last Jedi,,,movie,Lucasfilm Ltd.,1631841137,1631841808,671,9/16/21 9:12 PM,9/16/21 9:23 PM,,,,,,,,,,,,
12779,Avengers: Age of Ultron,,,Avengers: Age of Ultron,,,movie,Marvel Studios,1592749422,1592749619,197,6/21/20 10:23 AM,6/21/20 10:26 AM,,,,,,,,,,,,
12780,Avengers: Endgame,,,Avengers: Endgame,,,movie,Marvel Studios,1564705022,1564705453,431,8/1/19 8:17 PM,8/1/19 8:24 PM,,,,,,,,,,,,
12782,Avengers: Infinity War,,,Avengers: Infinity War,,,movie,Marvel Studios,1540955473,1540955628,155,10/30/18 11:11 PM,10/30/18 11:13 PM,,,,,,,,,,,,
12783,Black Panther,,,Black Panther,,,movie,Walt Disney Pictures,1546207545,1546207612,67,12/30/18 6:05 PM,12/30/18 6:06 PM,,,,,,,,,,,,
12784,Captain America: Civil War,,,Captain America: Civil War,,,movie,Marvel Studios,1585893497,1585899887,6390,4/3/20 1:58 AM,4/3/20 3:44 AM,,,,,,,,,,,,
12786,Captain America: The Winter Soldier,,,Captain America: The Winter Soldier,,,movie,Marvel Studios,1564718504,1564722635,4131,8/2/19 12:01 AM,8/2/19 1:10 AM,,,,,,,,,,,,
12789,Guardians of the Galaxy,,,Guardians of the Galaxy,,,movie,Marvel Studios,1564718368,1564718494,126,8/1/19 11:59 PM,8/2/19 12:01 AM,,,,,,,,,,,,
12790,Guardians of the Galaxy Vol. 2,,,Guardians of the Galaxy Vol. 2,,,movie,Marvel Studios,1559457454,1559458324,870,6/2/19 2:37 AM,6/2/19 2:52 AM,,,,,,,,,,,,
12791,Iron Man,,,Iron Man,,,movie,Paramount,1564811475,1564814955,3480,8/3/19 1:51 AM,8/3/19 2:49 AM,,,,,,,,,,,,
12792,Iron Man 2,,,Iron Man 2,,,movie,Paramount,1564815276,1564815918,642,8/3/19 2:54 AM,8/3/19 3:05 AM,,,,,,,,,,,,
12793,Iron Man 3,,,Iron Man 3,,,movie,Paramount,1566871404,1566871550,146,8/26/19 10:03 PM,8/26/19 10:05 PM,,,,,,,,,,,,
12794,Spider-Man: Homecoming,,,Spider-Man: Homecoming,,,movie,Columbia Pictures,1586888356,1586888646,290,4/14/20 2:19 PM,4/14/20 2:24 PM,,,,,,,,,,,,
12796,The Avengers,,,The Avengers,,,movie,Paramount,1564814970,1564815247,277,8/3/19 2:49 AM,8/3/19 2:54 AM,,,,,,,,,,,,
12798,Thor: Ragnarok,,,Thor: Ragnarok,,,movie,Marvel Studios,1598074649,1598075433,784,8/22/20 1:37 AM,8/22/20 1:50 AM,,,,,,,,,,,,
12800,How to Train Your Dragon,,,How to Train Your Dragon,,,movie,DreamWorks Animation,1560053504,1560055080,1576,6/9/19 12:11 AM,6/9/19 12:38 AM,,,,,,,,,,,,
12809,Fantastic Beasts: The Crimes of Grindelwald,,,Fantastic Beasts: The Crimes of Grindelwald,,,movie,Warner Bros. Pictures,1546927281,1546936034,8753,1/8/19 2:01 AM,1/8/19 4:27 AM,,,,,,,,,,,,
12813,A Goofy Movie,,,A Goofy Movie,,,movie,Disney Television Animation,1563727764,1563728166,402,7/21/19 12:49 PM,7/21/19 12:56 PM,,,,,,,,,,,,
12816,Aladdin,,,Aladdin,,,movie,Walt Disney Pictures,1573963394,1573965637,2243,11/17/19 12:03 AM,11/17/19 12:40 AM,,,,,,,,,,,,
12822,Beauty and the Beast,,,Beauty and the Beast,,,movie,Walt Disney Pictures,1549770991,1549771796,805,2/9/19 11:56 PM,2/10/19 12:09 AM,,,,,,,,,,,,
12827,Brother Bear,,,Brother Bear,,,movie,Walt Disney Animation Studios,1571885946,1571891205,5259,10/23/19 10:59 PM,10/24/19 12:26 AM,,,,,,,,,,,,
12831,Christopher Robin,,,Christopher Robin,,,movie,Walt Disney Pictures,1559425382,1559427158,1776,6/1/19 5:43 PM,6/1/19 6:12 PM,,,,,,,,,,,,
12833,Cinderella,,,Cinderella,,,movie,Walt Disney Pictures,1549773091,1549776290,3199,2/10/19 12:31 AM,2/10/19 1:24 AM,,,,,,,,,,,,
12834,Coco,,,Coco,,,movie,Walt Disney Pictures,1549836209,1549841131,4922,2/10/19 6:03 PM,2/10/19 7:25 PM,,,,,,,,,,,,
12835,Dumbo,,,Dumbo,,,movie,Walt Disney Pictures,1561244297,1561244504,207,6/22/19 6:58 PM,6/22/19 7:01 PM,,,,,,,,,,,,
12836,Dumbo,,,Dumbo,,,movie,Walt Disney Pictures,1563847135,1563850590,3455,7/22/19 9:58 PM,7/22/19 10:56 PM,,,,,,,,,,,,
12837,Fantasia,,,Fantasia,,,movie,Walt Disney Pictures,1587458493,1587461264,2771,4/21/20 4:41 AM,4/21/20 5:27 AM,,,,,,,,,,,,
12842,Frozen II,,,Frozen II,,,movie,Walt Disney Pictures,1578647471,1578647863,392,1/10/20 5:11 AM,1/10/20 5:17 AM,,,,,,,,,,,,
12852,Mary Poppins,,,Mary Poppins,,,movie,Walt Disney Productions,1601437046,1601438336,1290,9/29/20 11:37 PM,9/29/20 11:58 PM,,,,,,,,,,,,
12853,Mary Poppins Returns,,,Mary Poppins Returns,,,movie,Walt Disney Pictures,1557620672,1557629454,8782,5/11/19 8:24 PM,5/11/19 10:50 PM,,,,,,,,,,,,
12854,Moana,,,Moana,,,movie,Walt Disney Pictures,1586915709,1586917385,1676,4/14/20 9:55 PM,4/14/20 10:23 PM,,,,,,,,,,,,
12856,Monsters University,,,Monsters University,,,movie,Walt Disney Pictures,1561310648,1561310714,66,6/23/19 1:24 PM,6/23/19 1:25 PM,,,,,,,,,,,,
12859,Onward,,,Onward,,,movie,Walt Disney Pictures,1585193517,1585198266,4749,3/25/20 11:31 PM,3/26/20 12:51 AM,,,,,,,,,,,,
12864,Pirates of the Caribbean: The Curse of the Black Pearl,,,Pirates of the Caribbean: The Curse of the Black Pearl,,,movie,Walt Disney Pictures,1538405216,1538409359,4143,10/1/18 10:46 AM,10/1/18 11:55 AM,,,,,,,,,,,,
12870,Ralph Breaks the Internet,,,Ralph Breaks the Internet,,,movie,Walt Disney Pictures,1557634817,1557636280,1463,5/12/19 12:20 AM,5/12/19 12:44 AM,,,,,,,,,,,,
12873,Saving Mr. Banks,,,Saving Mr. Banks,,,movie,Walt Disney Pictures,1549831918,1549835676,3758,2/10/19 4:51 PM,2/10/19 5:54 PM,,,,,,,,,,,,
12876,Tangled,,,Tangled,,,movie,Walt Disney Pictures,1550435117,1550440947,5830,2/17/19 4:25 PM,2/17/19 6:02 PM,,,,,,,,,,,,
12881,The Emperor's New Groove,,,The Emperor's New Groove,,,movie,Walt Disney Pictures,1549646554,1549652733,6179,2/8/19 1:22 PM,2/8/19 3:05 PM,,,,,,,,,,,,
12883,The Good Dinosaur,,,The Good Dinosaur,,,movie,Pixar,1581387024,1581387499,475,2/10/20 10:10 PM,2/10/20 10:18 PM,,,,,,,,,,,,
12884,The Hunchback of Notre Dame,,,The Hunchback of Notre Dame,,,movie,Walt Disney Pictures,1550379047,1550386854,7807,2/17/19 12:50 AM,2/17/19 3:00 AM,,,,,,,,,,,,
12887,The Jungle Book,,,The Jungle Book,,,movie,Walt Disney Pictures,1549771842,1549773048,1206,2/10/19 12:10 AM,2/10/19 12:30 AM,,,,,,,,,,,,
12888,The Lion King,,,The Lion King,,,movie,Walt Disney Pictures,1549340390,1549340718,328,2/5/19 12:19 AM,2/5/19 12:25 AM,,,,,,,,,,,,
12891,The Lion King II: Simba's Pride,,,The Lion King II: Simba's Pride,,,movie,Disney Television Animation,1543814848,1543815052,204,12/3/18 1:27 AM,12/3/18 1:30 AM,,,,,,,,,,,,
12896,The Princess and the Frog,,,The Princess and the Frog,,,movie,Walt Disney Pictures,1550419480,1550424745,5265,2/17/19 12:04 PM,2/17/19 1:32 PM,,,,,,,,,,,,
12903,Toy Story 3,,,Toy Story 3,,,movie,Pixar,1562035069,1562036754,1685,7/1/19 10:37 PM,7/1/19 11:05 PM,,,,,,,,,,,,
12904,Toy Story 4,,,Toy Story 4,,,movie,Walt Disney Pictures,1580516752,1580516860,108,1/31/20 8:25 PM,1/31/20 8:27 PM,,,,,,,,,,,,
12907,Treasure Planet,,,Treasure Planet,,,movie,Walt Disney Pictures,1559354164,1559356736,2572,5/31/19 9:56 PM,5/31/19 10:38 PM,,,,,,,,,,,,
12908,Tron,,,Tron,,,movie,Lisberger/Kushner,1568395610,1568399016,3406,9/13/19 1:26 PM,9/13/19 2:23 PM,,,,,,,,,,,,
12909,TRON: Legacy,,,TRON: Legacy,,,movie,Walt Disney Pictures,1568394378,1568395578,1200,9/13/19 1:06 PM,9/13/19 1:26 PM,,,,,,,,,,,,
12913,Wreck-It Ralph,,,Wreck-It Ralph,,,movie,Walt Disney Animation Studios,1622136494,1622136533,39,5/27/21 1:28 PM,5/27/21 1:28 PM,,,,,,,,,,,,
12915,1917,,,1917,,,movie,DreamWorks Pictures,1584760869,1584761060,191,3/20/20 11:21 PM,3/20/20 11:24 PM,,,,,,,,,,,,
15415,Vivarium,,,Vivarium,,,movie,XYZ Films,1592451130,1592457684,6554,6/17/20 11:32 PM,6/18/20 1:21 AM,,,,,,,,,,,,
15483,Happy Feet,,,Happy Feet,,,movie,Kennedy Miller Productions,1592975117,1592975291,174,6/24/20 1:05 AM,6/24/20 1:08 AM,,,,,,,,,,,,
15501,Robots,,,Robots,,,movie,Blue Sky Studios,1607283586,1607285062,1476,12/6/20 3:39 PM,12/6/20 4:04 PM,,,,,,,,,,,,
15750,Hamilton,,,Hamilton,,,movie,Walt Disney Pictures,1593842738,1593843046,308,7/4/20 2:05 AM,7/4/20 2:10 AM,,,,,,,,,,,,
15784,My Hero Academia: Heroes Rising,,,My Hero Academia: Heroes Rising,,,movie,BONES,1594440451,1594443275,2824,7/11/20 12:07 AM,7/11/20 12:54 AM,,,,,,,,,,,,
16017,Redline,,,Redline,,,movie,Tohokushinsha Film Corporation,1598507703,1598507954,251,8/27/20 1:55 AM,8/27/20 1:59 AM,,,,,,,,,,,,
16018,Your Name.,,,Your Name.,,,movie,CoMix Wave Films,1589516759,1589516977,218,5/15/20 12:25 AM,5/15/20 12:29 AM,,,,,,,,,,,,
16019,Weathering with You,,,Weathering with You,,,movie,"Toho Company, Ltd.",1590871715,1590872953,1238,5/30/20 4:48 PM,5/30/20 5:09 PM,,,,,,,,,,,,
16022,Howl's Moving Castle,,,Howl's Moving Castle,,,movie,Tokuma Shoten,1593317989,1593318297,308,6/28/20 12:19 AM,6/28/20 12:24 AM,,,,,,,,,,,,
16023,Spirited Away,,,Spirited Away,,,movie,Studio Ghibli,1591834590,1591835315,725,6/10/20 8:16 PM,6/10/20 8:28 PM,,,,,,,,,,,,
16043,Promare,,,Promare,,,movie,TRIGGER,1596312489,1596315387,2898,8/1/20 4:08 PM,8/1/20 4:56 PM,,,,,,,,,,,,
17184,No Game No Life: Zero,,,No Game No Life: Zero,,,movie,Madhouse,1646274008,1646280455,6447,3/2/22 10:20 PM,3/3/22 12:07 AM,,,,,,,,,,,,
18151,Made in Abyss: Dawn of the Deep Soul,,,Made in Abyss: Dawn of the Deep Soul,,,movie,Kinema Citrus,1629257511,1629257772,261,8/17/21 11:31 PM,8/17/21 11:36 PM,,,,,,,,,,,,
21332,A Silent Voice,,,A Silent Voice,,,movie,Kyoto Animation,1616899137,1616899207,70,3/27/21 10:38 PM,3/27/21 10:40 PM,,,,,,,,,,,,
21364,Borat Subsequent Moviefilm,,,Borat Subsequent Moviefilm,,,movie,Amazon Studios,1604541946,1604545998,4052,11/4/20 10:05 PM,11/4/20 11:13 PM,,,,,,,,,,,,
21741,Soul,,,Soul,,,movie,Walt Disney Pictures,1609040443,1609046349,5906,12/26/20 11:40 PM,12/27/20 1:19 AM,,,,,,,,,,,,
21989,Tenet,,,Tenet,,,movie,Syncopy,1611370037,1611370608,571,1/22/21 10:47 PM,1/22/21 10:56 PM,,,,,,,,,,,,
22445,Demon Slayer -Kimetsu no Yaiba- The Movie: Mugen Train,,,Demon Slayer -Kimetsu no Yaiba- The Movie: Mugen Train,,,movie,ufotable,1613791757,1613791825,68,2/19/21 11:29 PM,2/19/21 11:30 PM,,,,,,,,,,,,
24237,Ride Your Wave,,,Ride Your Wave,,,movie,jeki,1618198708,1618200847,2139,4/11/21 11:38 PM,4/12/21 12:14 AM,,,,,,,,,,,,
24239,I Want to Eat Your Pancreas,,,I Want to Eat Your Pancreas,,,movie,ABC Animation,1641695268,1641696340,1072,1/8/22 10:27 PM,1/8/22 10:45 PM,,,,,,,,,,,,
24252,Lupin III: The First,,,Lupin III: The First,,,movie,TMS Entertainment,1617324914,1617324954,40,4/1/21 8:55 PM,4/1/21 8:55 PM,,,,,,,,,,,,
24539,The Passion of the Christ,,,The Passion of the Christ,,,movie,Icon Productions,1617748471,1617748624,153,4/6/21 6:34 PM,4/6/21 6:37 PM,,,,,,,,,,,,
24643,Goblin Slayer: Goblin's Crown,,,Goblin Slayer: Goblin's Crown,,,movie,White Fox,1627872209,1627872301,92,8/1/21 10:43 PM,8/1/21 10:45 PM,,,,,,,,,,,,
24717,Akira,,,Akira,,,movie,Akira Committee Company Ltd.,1626578235,1626578760,525,7/17/21 11:17 PM,7/17/21 11:26 PM,,,,,,,,,,,,
25985,Bo Burnham: Inside,,,Bo Burnham: Inside,,,movie,Attic Bedroom,1622407176,1622413110,5934,5/30/21 4:39 PM,5/30/21 6:18 PM,,,,,,,,,,,,
26034,Luca,,,Luca,,,movie,Walt Disney Pictures,1624240106,1624241228,1122,6/20/21 9:48 PM,6/20/21 10:07 PM,,,,,,,,,,,,
27156,Black Widow,,,Black Widow,,,movie,Marvel Studios,1644775697,1644775780,83,2/13/22 2:08 PM,2/13/22 2:09 PM,,,,,,,,,,,,
27954,One Piece 3D: Straw Hat Chase,,,One Piece 3D: Straw Hat Chase,,,movie,Toei Animation,1638417778,1638418459,681,12/2/21 12:02 AM,12/2/21 12:14 AM,,,,,,,,,,,,
28532,Star Wars: Episode IX - The Rise of Skywalker,,,Star Wars: Episode IX - The Rise of Skywalker,,,movie,Lucasfilm Ltd.,1633058321,1633059380,1059,9/30/21 11:18 PM,9/30/21 11:36 PM,,,,,,,,,,,,
40232,Princess Mononoke,,,Princess Mononoke,,,movie,Studio Ghibli,1637722719,1637724089,1370,11/23/21 10:58 PM,11/23/21 11:21 PM,,,,,,,,,,,,
40515,Spider-Man: No Way Home,,,Spider-Man: No Way Home,,,movie,Marvel Studios,1640468904,1640469058,154,12/25/21 5:48 PM,12/25/21 5:50 PM,,,,,,,,,,,,
40542,Encanto,,,Encanto,,,movie,Walt Disney Animation Studios,1644725275,1644725718,443,2/13/22 12:07 AM,2/13/22 12:15 AM,,,,,,,,,,,,
40776,My Hero Academia: World Heroes' Mission,,,My Hero Academia: World Heroes' Mission,,,movie,BONES,1645311162,1645317642,6480,2/19/22 6:52 PM,2/19/22 8:40 PM,,,,,,,,,,,,
41090,Turning Red,,,Turning Red,,,movie,Walt Disney Pictures,1647148375,1647148433,58,3/13/22 1:12 AM,3/13/22 1:13 AM,,,,,,,,,,,,
